timestamp,player_id,name,kind,price
2026-10-01T15:44:44Z,167425,Abedi Pelé,Hero,584000
2026-10-01T15:44:44Z,226306,Celia Šašić,Hero,52000
2026-10-01T15:44:44Z,67335170,Celia Šašić (2),Hero,280000
2026-10-01T15:44:44Z,233700,Gianluca Vialli,Hero,99000
2026-10-01T15:44:44Z,67342564,Gianluca Vialli (2),Hero,314000
2026-10-01T15:44:44Z,261593,Jürgen Kohler,Hero,95500
2026-10-01T15:44:44Z,67370457,Jürgen Kohler (2),Hero,321000
2026-10-01T15:44:44Z,166676,Rudi Völler,Hero,419000
2026-10-01T15:44:44Z,67275540,Rudi Völler (2),Hero,504000
2026-10-01T15:44:44Z,5454,Bixente Lizarazu,Hero,323000
2026-10-01T15:44:44Z,67114318,Bixente Lizarazu (2),Hero,367000
2026-10-01T15:44:44Z,274966,Carlos Tévez,Hero,449000
2026-10-01T15:44:44Z,67383830,Carlos Tévez (2),Hero,586000
2026-10-01T15:44:44Z,266691,Diego Forlán,Hero,315000
2026-10-01T15:44:44Z,67375555,Diego Forlán (2),Hero,459000
2026-10-01T15:44:44Z,262271,Diego Milito,Hero,89500
2026-10-01T15:44:44Z,67371135,Diego Milito (2),Hero,263000
2026-10-01T15:44:44Z,275049,Enzo Francescoli,Hero,284000
2026-10-01T15:44:44Z,67383913,Enzo Francescoli (2),Hero,340000
2026-10-01T15:44:44Z,77787,Iván Zamorano,Hero,78500
2026-10-01T15:44:44Z,67186651,Iván Zamorano (2),Hero,330000
2026-10-01T15:44:44Z,5673,Jari Litmanen,Hero,59000
2026-10-01T15:44:44Z,67114537,Jari Litmanen (2),Hero,243000
2026-10-01T15:44:44Z,142754,Javier Mascherano,Hero,183000
2026-10-01T15:44:44Z,67251618,Javier Mascherano (2),Hero,294000
2026-10-01T15:44:44Z,570,Jay-Jay Okocha,Hero,502000
2026-10-01T15:44:44Z,226373,Nadine Keßler,Hero,124000
2026-10-01T15:44:44Z,67335237,Nadine Keßler (2),Hero,271000
2026-10-01T15:44:44Z,26709,Rafael Márquez,Hero,127000
2026-10-01T15:44:44Z,67135573,Rafael Márquez (2),Hero,285000
2026-10-01T15:44:44Z,3622,Ricardo Carvalho,Hero,317000
2026-10-01T15:44:44Z,67112486,Ricardo Carvalho (2),Hero,494000
2026-10-01T15:44:44Z,226307,Simone Laudehr,Hero,183000
2026-10-01T15:44:44Z,67335171,Simone Laudehr (2),Hero,380000
2026-10-01T15:44:44Z,251483,Vincent Kompany,Hero,541000
2026-10-01T15:44:44Z,274750,Wesley Sneijder,Hero,526000
2026-10-01T15:44:44Z,137186,Andrea Barzagli,Hero,566000
2026-10-01T15:44:44Z,173210,Claudio Marchisio,Hero,375000
2026-10-01T15:44:44Z,67282074,Claudio Marchisio (2),Hero,390000
2026-10-01T15:44:44Z,214649,Davor Šuker,Hero,165000
2026-10-01T15:44:44Z,67323513,Davor Šuker (2),Hero,191000
2026-10-01T15:44:44Z,30110,Dimitar Berbatov,Hero,82500
2026-10-01T15:44:44Z,67138974,Dimitar Berbatov (2),Hero,128000
2026-10-01T15:44:44Z,5661,Fernando Morientes,Hero,83500
2026-10-01T15:44:44Z,67114525,Fernando Morientes (2),Hero,120000
2026-10-01T15:44:44Z,1201,Gianfranco Zola,Hero,500000
2026-10-01T15:44:44Z,266801,Harry Kewell,Hero,290000
2026-10-01T15:44:44Z,67375665,Harry Kewell (2),Hero,424000
2026-10-01T15:44:44Z,242625,Hidetoshi Nakata,Hero,99000
2026-10-01T15:44:44Z,67351489,Hidetoshi Nakata (2),Hero,144000
2026-10-01T15:44:44Z,27,Joe Cole,Hero,250000
2026-10-01T15:44:44Z,67108891,Joe Cole (2),Hero,420000
2026-10-01T15:44:44Z,191694,Jorge Campos,Hero,42750
2026-10-01T15:44:44Z,67300558,Jorge Campos (2),Hero,88000
2026-10-01T15:44:44Z,227315,Laura Georges,Hero,298000
2026-10-01T15:44:44Z,226362,Louisa Necib,Hero,245000
2026-10-01T15:44:44Z,67335226,Louisa Necib (2),Hero,327000
2026-10-01T15:44:44Z,171877,Marek Hamšík,Hero,507000
2026-10-01T15:44:44Z,67280741,Marek Hamšík (2),Hero,559000
2026-10-01T15:44:44Z,150418,Mario Gomez,Hero,57500
2026-10-01T15:44:44Z,67259282,Mario Gomez (2),Hero,111000
2026-10-01T15:44:44Z,8348,Míchel Salgado,Hero,126000
2026-10-01T15:44:44Z,67117212,Míchel Salgado (2),Hero,198000
2026-10-01T15:44:44Z,10959,Pablo Aimar,Hero,131000
2026-10-01T15:44:44Z,67119823,Pablo Aimar (2),Hero,163000
2026-10-01T15:44:44Z,238424,Patrick Kluivert,Hero,84000
2026-10-01T15:44:44Z,67347288,Patrick Kluivert (2),Hero,130000
2026-10-01T15:44:44Z,10704,Roy Makaay,Hero,135000
2026-10-01T15:44:44Z,67119568,Roy Makaay (2),Hero,143000
2026-10-01T15:44:44Z,1025,Rui Costa,Hero,197000
2026-10-01T15:44:44Z,67109889,Rui Costa (2),Hero,213000
2026-10-01T15:44:44Z,273812,Steve McManaman,Hero,126000
2026-10-01T15:44:44Z,67382676,Steve McManaman (2),Hero,164000
2026-10-01T15:44:44Z,28765,Zé Roberto,Hero,502000
2026-10-01T15:44:44Z,25924,Capdevila,Hero,235000
2026-10-01T15:44:44Z,67134788,Capdevila (2),Hero,291000
2026-10-01T15:44:44Z,25420,Claudio Pizarro,Hero,41750
2026-10-01T15:44:44Z,67134284,Claudio Pizarro (2),Hero,71500
2026-10-01T15:44:44Z,15723,Dirk Kuyt,Hero,69500
2026-10-01T15:44:44Z,67124587,Dirk Kuyt (2),Hero,90500
2026-10-01T15:44:44Z,138123,Esteban Cambiasso,Hero,233000
2026-10-01T15:44:44Z,67246987,Esteban Cambiasso (2),Hero,355000
2026-10-01T15:44:44Z,227271,Fara Williams,Hero,72500
2026-10-01T15:44:44Z,67336135,Fara Williams (2),Hero,103000
2026-10-01T15:44:44Z,6975,Freddie Ljungberg,Hero,84000
2026-10-01T15:44:44Z,67115839,Freddie Ljungberg (2),Hero,100000
2026-10-01T15:44:44Z,262285,Guti,Hero,138000
2026-10-01T15:44:44Z,67371149,Guti (2),Hero,175000
2026-10-01T15:44:44Z,239261,Henrik Larsson,Hero,207000
2026-10-01T15:44:44Z,67348125,Henrik Larsson (2),Hero,254000
2026-10-01T15:44:44Z,5467,Jamie Carragher,Hero,59500
2026-10-01T15:44:44Z,67114331,Jamie Carragher (2),Hero,78500
2026-10-01T15:44:44Z,44897,Jerzy Dudek,Hero,57000
2026-10-01T15:44:44Z,67153761,Jerzy Dudek (2),Hero,77500
2026-10-01T15:44:44Z,274967,John Arne Riise,Hero,127000
2026-10-01T15:44:44Z,67383831,John Arne Riise (2),Hero,180000
2026-10-01T15:44:44Z,243027,Juan Sebastián Verón,Hero,57500
2026-10-01T15:44:44Z,67351891,Juan Sebastián Verón (2),Hero,72000
2026-10-01T15:44:44Z,7743,Landon Donovan,Hero,121000
2026-10-01T15:44:44Z,67116607,Landon Donovan (2),Hero,150000
2026-10-01T15:44:44Z,50752,Ledley King,Hero,343000
2026-10-01T15:44:44Z,67159616,Ledley King (2),Hero,395000
2026-10-01T15:44:44Z,1551,Ludovic Giuly,Hero,90500
2026-10-01T15:44:44Z,67110415,Ludovic Giuly (2),Hero,124000
2026-10-01T15:44:44Z,156353,Luis Hernández,Hero,164000
2026-10-01T15:44:44Z,67265217,Luis Hernández (2),Hero,173000
2026-10-01T15:44:44Z,181783,Mario Mandžukić,Hero,46000
2026-10-01T15:44:44Z,67290647,Mario Mandžukić (2),Hero,72000
2026-10-01T15:44:44Z,5679,Nwankwo Kanu,Hero,44750
2026-10-01T15:44:44Z,67114543,Nwankwo Kanu (2),Hero,71500
2026-10-01T15:44:44Z,1845,Ole Gunnar Solskjær,Hero,99500
2026-10-01T15:44:44Z,67110709,Ole Gunnar Solskjær (2),Hero,134000
2026-10-01T15:44:44Z,215732,Oliver Bierhoff,Hero,42250
2026-10-01T15:44:44Z,67324596,Oliver Bierhoff (2),Hero,71500
2026-10-01T15:44:44Z,266473,Park Ji Sung,Hero,200000
2026-10-01T15:44:44Z,67375337,Park Ji Sung (2),Hero,239000
2026-10-01T15:44:44Z,330,Robbie Keane,Hero,278000
2026-10-01T15:44:44Z,67109194,Robbie Keane (2),Hero,316000
2026-10-01T15:44:44Z,168886,Sami Al Jaber,Hero,63500
2026-10-01T15:44:44Z,67277750,Sami Al Jaber (2),Hero,87500
2026-10-01T15:44:44Z,275092,Sonia Bompastor,Hero,160000
2026-10-01T15:44:44Z,67383956,Sonia Bompastor (2),Hero,261000
2026-10-01T15:44:44Z,8473,Tomáš Rosický,Hero,68000
2026-10-01T15:44:44Z,67117337,Tomáš Rosický (2),Hero,88500
2026-10-01T15:44:44Z,81644,Uli Hoeneß,Hero,282000
2026-10-01T15:44:44Z,67190508,Uli Hoeneß (2),Hero,469000
2026-10-01T15:44:44Z,227261,Alex Scott,Hero,80000
2026-10-01T15:44:44Z,67336125,Alex Scott (2),Hero,106000
2026-10-01T15:44:44Z,155897,Clint Dempsey,Hero,43750
2026-10-01T15:44:44Z,67264761,Clint Dempsey (2),Hero,71500
2026-10-01T15:44:44Z,39386,DaMarcus Beasley,Hero,95000
2026-10-01T15:44:44Z,67148250,DaMarcus Beasley (2),Hero,114000
2026-10-01T15:44:44Z,227262,Jill Scott,Hero,123000
2026-10-01T15:44:44Z,67336126,Jill Scott (2),Hero,133000
2026-10-01T15:44:44Z,51257,Peter Crouch,Hero,65500
2026-10-01T15:44:44Z,67160121,Peter Crouch (2),Hero,84000
2026-10-01T15:44:44Z,20775,Quaresma,Hero,279000
2026-10-01T15:44:44Z,67129639,Quaresma (2),Hero,504000
2026-10-01T15:44:44Z,266694,Saeed Al Owairan,Hero,518000
2026-10-01T15:44:44Z,67375558,Saeed Al Owairan (2),Hero,550000
2026-10-01T15:44:44Z,51412,Tim Cahill,Hero,42750
2026-10-01T15:44:44Z,67160276,Tim Cahill (2),Hero,72000
2026-10-01T15:44:44Z,16254,Tim Howard,Hero,57000
2026-10-01T15:44:44Z,67125118,Tim Howard (2),Hero,78000
2026-10-01T15:44:44Z,275276,Birgit Prinz,Icon,266000
2026-10-01T15:44:44Z,67384140,Birgit Prinz (2),Icon,272000
2026-10-01T15:44:44Z,226293,Nadine Angerer,Icon,234000
2026-10-01T15:44:44Z,67335157,Nadine Angerer (2),Icon,232000
2026-10-01T15:44:44Z,166906,Franco Baresi,Icon,332000
2026-10-01T15:44:44Z,67275770,Franco Baresi (2),Icon,344000
2026-10-01T15:44:44Z,192181,Marco van Basten,Icon,414000
2026-10-01T15:44:44Z,67301045,Marco van Basten (2),Icon,420000
2026-10-01T15:44:44Z,488,Oliver Kahn,Icon,549000
2026-10-01T15:44:44Z,67109352,Oliver Kahn (2),Icon,549000
2026-10-01T15:44:44Z,7763,Andrea Pirlo,Icon,459000
2026-10-01T15:44:44Z,100671059,Andrea Pirlo (2),Icon,450000
2026-10-01T15:44:44Z,227002,Aya Miyama,Icon,525000
2026-10-01T15:44:44Z,67335866,Aya Miyama (2),Icon,535000
2026-10-01T15:44:44Z,190044,Bobby Moore,Icon,244000
2026-10-01T15:44:44Z,67298908,Bobby Moore (2),Icon,244000
2026-10-01T15:44:44Z,238388,Dennis Bergkamp,Icon,449000
2026-10-01T15:44:44Z,67347252,Dennis Bergkamp (2),Icon,451000
2026-10-01T15:44:44Z,100747711,Hege Riise,Icon,577000
2026-10-01T15:44:44Z,71608,Julie Foudy,Icon,399000
2026-10-01T15:44:44Z,67180472,Julie Foudy (2),Icon,405000
2026-10-01T15:44:44Z,5589,Luís Figo,Icon,588000
2026-10-01T15:44:44Z,4231,Rivaldo,Icon,540000
2026-10-01T15:44:44Z,67113095,Rivaldo (2),Icon,546000
2026-10-01T15:44:44Z,182521,Toni Kroos,Icon,475000
2026-10-01T15:44:44Z,67291385,Toni Kroos (2),Icon,490000
2026-10-01T15:44:44Z,51,Alan Shearer,Icon,206000
2026-10-01T15:44:44Z,67108915,Alan Shearer (2),Icon,217000
2026-10-01T15:44:44Z,1088,Alessandro Nesta,Icon,282000
2026-10-01T15:44:44Z,67109952,Alessandro Nesta (2),Icon,289000
2026-10-01T15:44:44Z,13128,Andriy Shevchenko,Icon,391000
2026-10-01T15:44:44Z,67121992,Andriy Shevchenko (2),Icon,404000
2026-10-01T15:44:44Z,238384,Carles Puyol,Icon,271000
2026-10-01T15:44:44Z,67347248,Carles Puyol (2),Icon,273000
2026-10-01T15:44:44Z,1183,Fabio Cannavaro,Icon,548000
2026-10-01T15:44:44Z,67110047,Fabio Cannavaro (2),Icon,564000
2026-10-01T15:44:44Z,5471,Frank Lampard,Icon,401000
2026-10-01T15:44:44Z,67114335,Frank Lampard (2),Icon,407000
2026-10-01T15:44:44Z,221162,Gabriel Batistuta,Icon,382000
2026-10-01T15:44:44Z,50552810,Gabriel Batistuta (2),Icon,420000
2026-10-01T15:44:44Z,214267,Gary Lineker,Icon,238000
2026-10-01T15:44:44Z,67323131,Gary Lineker (2),Icon,290000
2026-10-01T15:44:44Z,166149,Hugo Sánchez,Icon,439000
2026-10-01T15:44:44Z,67275013,Hugo Sánchez (2),Icon,443000
2026-10-01T15:44:44Z,1041,Javier Zanetti,Icon,385000
2026-10-01T15:44:44Z,67109905,Javier Zanetti (2),Icon,401000
2026-10-01T15:44:44Z,167134,Jean-Pierre Papin,Icon,279000
2026-10-01T15:44:44Z,67275998,Jean-Pierre Papin (2),Icon,281000
2026-10-01T15:44:44Z,246,Paul Scholes,Icon,367000
2026-10-01T15:44:44Z,67109110,Paul Scholes (2),Icon,395000
2026-10-01T15:44:44Z,6235,Pavel Nedvěd,Icon,341000
2026-10-01T15:44:44Z,67115099,Pavel Nedvěd (2),Icon,353000
2026-10-01T15:44:44Z,238428,Peter Schmeichel,Icon,405000
2026-10-01T15:44:44Z,67347292,Peter Schmeichel (2),Icon,408000
2026-10-01T15:44:44Z,121939,Philipp Lahm,Icon,515000
2026-10-01T15:44:44Z,67230803,Philipp Lahm (2),Icon,527000
2026-10-01T15:44:44Z,167680,Ronald Koeman,Icon,391000
2026-10-01T15:44:44Z,67276544,Ronald Koeman (2),Icon,337000
2026-10-01T15:44:44Z,67109104,Roy Keane (2),Icon,561000
2026-10-01T15:44:44Z,10264,Ruud van Nistelrooy,Icon,206000
2026-10-01T15:44:44Z,67119128,Ruud van Nistelrooy (2),Icon,219000
2026-10-01T15:44:44Z,77676,Steffi Jones,Icon,290000
2026-10-01T15:44:44Z,67186540,Steffi Jones (2),Icon,309000
2026-10-01T15:44:44Z,13743,Steven Gerrard,Icon,605000
2026-10-01T15:44:44Z,67122607,Steven Gerrard (2),Icon,600000
2026-10-01T15:44:44Z,34079,Ashley Cole,Icon,560000
2026-10-01T15:44:44Z,67142943,Ashley Cole (2),Icon,559000
2026-10-01T15:44:44Z,121944,Bastian Schweinsteiger,Icon,404000
2026-10-01T15:44:44Z,100785240,Bastian Schweinsteiger (2),Icon,399000
2026-10-01T15:44:44Z,250,David Beckham,Icon,429000
2026-10-01T15:44:44Z,67109114,David Beckham (2),Icon,426000
2026-10-01T15:44:44Z,192190,Dunga,Icon,522000
2026-10-01T15:44:44Z,67301054,Dunga (2),Icon,530000
2026-10-01T15:44:44Z,227270,Ellen White,Icon,289000
2026-10-01T15:44:44Z,100890566,Ellen White (2),Icon,297000
2026-10-01T15:44:44Z,1620,Emmanuel Petit,Icon,425000
2026-10-01T15:44:44Z,67110484,Emmanuel Petit (2),Icon,416000
2026-10-01T15:44:44Z,161840,Fernando Hierro,Icon,231000
2026-10-01T15:44:44Z,67270704,Fernando Hierro (2),Icon,227000
2026-10-01T15:44:44Z,214098,Frank Rijkaard,Icon,489000
2026-10-01T15:44:44Z,67322962,Frank Rijkaard (2),Icon,493000
2026-10-01T15:44:44Z,243030,Gennaro Gattuso,Icon,280000
2026-10-01T15:44:44Z,67351894,Gennaro Gattuso (2),Icon,286000
2026-10-01T15:44:44Z,82094,Geoff Hurst,Icon,254000
2026-10-01T15:44:44Z,67190958,Geoff Hurst (2),Icon,255000
2026-10-01T15:44:44Z,166124,Gheorghe Hagi,Icon,328000
2026-10-01T15:44:44Z,67274988,Gheorghe Hagi (2),Icon,331000
2026-10-01T15:44:44Z,250890,Gianluca Zambrotta,Icon,476000
2026-10-01T15:44:44Z,100914186,Gianluca Zambrotta (2),Icon,473000
2026-10-01T15:44:44Z,7512,Hernán Crespo,Icon,317000
2026-10-01T15:44:44Z,67116376,Hernán Crespo (2),Icon,313000
2026-10-01T15:44:44Z,247703,Ian Rush,Icon,203000
2026-10-01T15:44:44Z,67356567,Ian Rush (2),Icon,207000
2026-10-01T15:44:44Z,248146,Ian Wright,Icon,376000
2026-10-01T15:44:44Z,67357010,Ian Wright (2),Icon,377000
2026-10-01T15:44:44Z,247515,John Barnes,Icon,388000
2026-10-01T15:44:44Z,67356379,John Barnes (2),Icon,417000
2026-10-01T15:44:44Z,23174,Juan Román Riquelme,Icon,241000
2026-10-01T15:44:44Z,67132038,Juan Román Riquelme (2),Icon,254000
2026-10-01T15:44:44Z,135455,Maicon,Icon,514000
2026-10-01T15:44:44Z,67244319,Maicon (2),Icon,509000
2026-10-01T15:44:44Z,71587,Marinette Pichon,Icon,394000
2026-10-01T15:44:44Z,67180451,Marinette Pichon (2),Icon,387000
2026-10-01T15:44:44Z,82092,Mario Kempes,Icon,466000
2026-10-01T15:44:44Z,67190956,Mario Kempes (2),Icon,478000
2026-10-01T15:44:44Z,222000,Michael Laudrup,Icon,303000
2026-10-01T15:44:44Z,67330864,Michael Laudrup (2),Icon,303000
2026-10-01T15:44:44Z,5419,Michael Owen,Icon,459000
2026-10-01T15:44:44Z,67114283,Michael Owen (2),Icon,468000
2026-10-01T15:44:44Z,242510,Miroslav Klose,Icon,237000
2026-10-01T15:44:44Z,67351374,Miroslav Klose (2),Icon,241000
2026-10-01T15:44:44Z,140601,Nemanja Vidić,Icon,529000
2026-10-01T15:44:44Z,67249465,Nemanja Vidić (2),Icon,560000
2026-10-01T15:44:44Z,48940,Petr Čech,Icon,371000
2026-10-01T15:44:44Z,67157804,Petr Čech (2),Icon,395000
2026-10-01T15:44:44Z,1605,Robert Pirès,Icon,264000
2026-10-01T15:44:44Z,67110469,Robert Pirès (2),Icon,272000
2026-10-01T15:44:44Z,262112,Robin van Persie,Icon,403000
2026-10-01T15:44:44Z,67370976,Robin van Persie (2),Icon,424000
2026-10-01T15:44:44Z,77790,Sissi,Icon,599000
2026-10-01T15:44:44Z,67186654,Sissi (2),Icon,563000
2026-10-01T15:44:44Z,243029,Sol Campbell,Icon,601000
2026-10-01T15:44:44Z,45197,Xabi Alonso,Icon,304000
2026-10-01T15:44:44Z,67154061,Xabi Alonso (2),Icon,314000
2026-10-01T15:44:44Z,100930571,Yuki Nagasato,Icon,530000
