match_id,league,season,date,minute,extra,home_score,away_score,source
E0-2324-2023-08-12-arsenal-nott-m-forest,E0,2324,2023-08-12,26,0,1,0,espn
E0-2324-2023-08-12-arsenal-nott-m-forest,E0,2324,2023-08-12,32,0,2,0,espn
E0-2324-2023-08-12-arsenal-nott-m-forest,E0,2324,2023-08-12,82,0,2,1,espn
E0-2324-2023-08-12-bournemouth-west-ham,E0,2324,2023-08-12,51,0,0,1,espn
E0-2324-2023-08-12-bournemouth-west-ham,E0,2324,2023-08-12,82,0,1,1,espn
E0-2324-2023-08-12-brighton-luton,E0,2324,2023-08-12,36,0,1,0,espn
E0-2324-2023-08-12-brighton-luton,E0,2324,2023-08-12,71,0,2,0,espn
E0-2324-2023-08-12-brighton-luton,E0,2324,2023-08-12,81,0,2,1,espn
E0-2324-2023-08-12-brighton-luton,E0,2324,2023-08-12,85,0,3,1,espn
E0-2324-2023-08-12-brighton-luton,E0,2324,2023-08-12,90,5,4,1,espn
E0-2324-2023-08-12-everton-fulham,E0,2324,2023-08-12,73,0,0,1,espn
E0-2324-2023-08-12-newcastle-aston-villa,E0,2324,2023-08-12,6,0,1,0,espn
E0-2324-2023-08-12-newcastle-aston-villa,E0,2324,2023-08-12,11,0,1,1,espn
E0-2324-2023-08-12-newcastle-aston-villa,E0,2324,2023-08-12,16,0,2,1,espn
E0-2324-2023-08-12-newcastle-aston-villa,E0,2324,2023-08-12,58,0,3,1,espn
E0-2324-2023-08-12-newcastle-aston-villa,E0,2324,2023-08-12,77,0,4,1,espn
E0-2324-2023-08-12-newcastle-aston-villa,E0,2324,2023-08-12,90,1,5,1,espn
E0-2324-2023-08-12-sheffield-united-crystal-palace,E0,2324,2023-08-12,49,0,0,1,espn
E0-2324-2023-08-13-brentford-tottenham,E0,2324,2023-08-13,11,0,0,1,espn
E0-2324-2023-08-13-brentford-tottenham,E0,2324,2023-08-13,27,0,1,1,espn
E0-2324-2023-08-13-brentford-tottenham,E0,2324,2023-08-13,36,0,2,1,espn
E0-2324-2023-08-13-brentford-tottenham,E0,2324,2023-08-13,45,4,2,2,espn
E0-2324-2023-08-13-chelsea-liverpool,E0,2324,2023-08-13,18,0,0,1,espn
E0-2324-2023-08-13-chelsea-liverpool,E0,2324,2023-08-13,37,0,1,1,espn
E0-2324-2023-08-14-man-united-wolves,E0,2324,2023-08-14,76,0,1,0,espn
E0-2324-2023-08-18-nott-m-forest-sheffield-united,E0,2324,2023-08-18,3,0,1,0,espn
E0-2324-2023-08-18-nott-m-forest-sheffield-united,E0,2324,2023-08-18,48,0,1,1,espn
E0-2324-2023-08-18-nott-m-forest-sheffield-united,E0,2324,2023-08-18,89,0,2,1,espn
E0-2324-2023-08-19-man-city-newcastle,E0,2324,2023-08-19,31,0,1,0,espn
E0-2324-2023-08-19-tottenham-man-united,E0,2324,2023-08-19,49,0,1,0,espn
E0-2324-2023-08-19-tottenham-man-united,E0,2324,2023-08-19,83,0,2,0,espn
E0-2324-2023-08-20-aston-villa-everton,E0,2324,2023-08-20,18,0,1,0,espn
E0-2324-2023-08-20-aston-villa-everton,E0,2324,2023-08-20,24,0,2,0,espn
E0-2324-2023-08-20-aston-villa-everton,E0,2324,2023-08-20,51,0,3,0,espn
E0-2324-2023-08-20-aston-villa-everton,E0,2324,2023-08-20,75,0,4,0,espn
E0-2324-2023-08-25-chelsea-luton,E0,2324,2023-08-25,17,0,1,0,espn
E0-2324-2023-08-25-chelsea-luton,E0,2324,2023-08-25,68,0,2,0,espn
E0-2324-2023-08-25-chelsea-luton,E0,2324,2023-08-25,75,0,3,0,espn
E0-2324-2023-08-26-bournemouth-tottenham,E0,2324,2023-08-26,17,0,0,1,espn
E0-2324-2023-08-26-bournemouth-tottenham,E0,2324,2023-08-26,63,0,0,2,espn
E0-2324-2023-08-26-brentford-crystal-palace,E0,2324,2023-08-26,18,0,1,0,espn
E0-2324-2023-08-26-brentford-crystal-palace,E0,2324,2023-08-26,76,0,1,1,espn
E0-2324-2023-08-26-brighton-west-ham,E0,2324,2023-08-26,19,0,0,1,espn
E0-2324-2023-08-26-brighton-west-ham,E0,2324,2023-08-26,58,0,0,2,espn
E0-2324-2023-08-26-brighton-west-ham,E0,2324,2023-08-26,63,0,0,3,espn
E0-2324-2023-08-26-brighton-west-ham,E0,2324,2023-08-26,81,0,1,3,espn
E0-2324-2023-08-26-everton-wolves,E0,2324,2023-08-26,87,0,0,1,espn
E0-2324-2023-08-27-burnley-aston-villa,E0,2324,2023-08-27,8,0,0,1,espn
E0-2324-2023-08-27-burnley-aston-villa,E0,2324,2023-08-27,20,0,0,2,espn
E0-2324-2023-08-27-burnley-aston-villa,E0,2324,2023-08-27,47,0,1,2,espn
E0-2324-2023-08-27-burnley-aston-villa,E0,2324,2023-08-27,61,0,1,3,espn
E0-2324-2023-08-27-sheffield-united-man-city,E0,2324,2023-08-27,63,0,0,1,espn
E0-2324-2023-08-27-sheffield-united-man-city,E0,2324,2023-08-27,85,0,1,1,espn
E0-2324-2023-08-27-sheffield-united-man-city,E0,2324,2023-08-27,88,0,1,2,espn
E0-2324-2023-09-01-luton-west-ham,E0,2324,2023-09-01,37,0,0,1,espn
E0-2324-2023-09-01-luton-west-ham,E0,2324,2023-09-01,85,0,0,2,espn
E0-2324-2023-09-01-luton-west-ham,E0,2324,2023-09-01,90,2,1,2,espn
E0-2324-2023-09-02-brentford-bournemouth,E0,2324,2023-09-02,7,0,1,0,espn
E0-2324-2023-09-02-brentford-bournemouth,E0,2324,2023-09-02,30,0,1,1,espn
E0-2324-2023-09-02-brentford-bournemouth,E0,2324,2023-09-02,77,0,1,2,espn
E0-2324-2023-09-02-brentford-bournemouth,E0,2324,2023-09-02,90,3,2,2,espn
E0-2324-2023-09-02-brighton-newcastle,E0,2324,2023-09-02,27,0,1,0,espn
E0-2324-2023-09-02-brighton-newcastle,E0,2324,2023-09-02,65,0,2,0,espn
E0-2324-2023-09-02-brighton-newcastle,E0,2324,2023-09-02,70,0,3,0,espn
E0-2324-2023-09-02-brighton-newcastle,E0,2324,2023-09-02,90,2,3,1,espn
E0-2324-2023-09-02-burnley-tottenham,E0,2324,2023-09-02,4,0,1,0,espn
E0-2324-2023-09-02-burnley-tottenham,E0,2324,2023-09-02,16,0,1,1,espn
E0-2324-2023-09-02-burnley-tottenham,E0,2324,2023-09-02,45,2,1,2,espn
E0-2324-2023-09-02-burnley-tottenham,E0,2324,2023-09-02,54,0,1,3,espn
E0-2324-2023-09-02-burnley-tottenham,E0,2324,2023-09-02,63,0,1,4,espn
E0-2324-2023-09-02-burnley-tottenham,E0,2324,2023-09-02,66,0,1,5,espn
E0-2324-2023-09-02-burnley-tottenham,E0,2324,2023-09-02,90,4,2,5,espn
E0-2324-2023-09-02-chelsea-nott-m-forest,E0,2324,2023-09-02,48,0,0,1,espn
E0-2324-2023-09-02-man-city-fulham,E0,2324,2023-09-02,31,0,1,0,espn
E0-2324-2023-09-02-man-city-fulham,E0,2324,2023-09-02,33,0,1,1,espn
E0-2324-2023-09-02-man-city-fulham,E0,2324,2023-09-02,45,5,2,1,espn
E0-2324-2023-09-02-man-city-fulham,E0,2324,2023-09-02,58,0,3,1,espn
E0-2324-2023-09-02-man-city-fulham,E0,2324,2023-09-02,70,0,4,1,espn
E0-2324-2023-09-02-man-city-fulham,E0,2324,2023-09-02,90,5,5,1,espn
E0-2324-2023-09-02-sheffield-united-everton,E0,2324,2023-09-02,14,0,0,1,espn
E0-2324-2023-09-02-sheffield-united-everton,E0,2324,2023-09-02,33,0,1,1,espn
E0-2324-2023-09-02-sheffield-united-everton,E0,2324,2023-09-02,45,3,2,1,espn
E0-2324-2023-09-02-sheffield-united-everton,E0,2324,2023-09-02,55,0,2,2,espn
E0-2324-2023-09-03-arsenal-man-united,E0,2324,2023-09-03,27,0,0,1,espn
E0-2324-2023-09-03-arsenal-man-united,E0,2324,2023-09-03,28,0,1,1,espn
E0-2324-2023-09-03-arsenal-man-united,E0,2324,2023-09-03,90,6,2,1,espn
E0-2324-2023-09-03-arsenal-man-united,E0,2324,2023-09-03,90,11,3,1,espn
E0-2324-2023-09-03-crystal-palace-wolves,E0,2324,2023-09-03,56,0,1,0,espn
E0-2324-2023-09-03-crystal-palace-wolves,E0,2324,2023-09-03,65,0,1,1,espn
E0-2324-2023-09-03-crystal-palace-wolves,E0,2324,2023-09-03,78,0,2,1,espn
E0-2324-2023-09-03-crystal-palace-wolves,E0,2324,2023-09-03,84,0,3,1,espn
E0-2324-2023-09-03-crystal-palace-wolves,E0,2324,2023-09-03,90,6,3,2,espn
E0-2324-2023-09-03-liverpool-aston-villa,E0,2324,2023-09-03,3,0,1,0,espn
E0-2324-2023-09-03-liverpool-aston-villa,E0,2324,2023-09-03,22,0,2,0,espn
E0-2324-2023-09-03-liverpool-aston-villa,E0,2324,2023-09-03,55,0,3,0,espn
E0-2324-2023-09-16-aston-villa-crystal-palace,E0,2324,2023-09-16,47,0,0,1,espn
E0-2324-2023-09-16-aston-villa-crystal-palace,E0,2324,2023-09-16,87,0,1,1,espn
E0-2324-2023-09-16-aston-villa-crystal-palace,E0,2324,2023-09-16,90,8,2,1,espn
E0-2324-2023-09-16-aston-villa-crystal-palace,E0,2324,2023-09-16,90,11,3,1,espn
E0-2324-2023-09-16-fulham-luton,E0,2324,2023-09-16,65,0,1,0,espn
E0-2324-2023-09-16-man-united-brighton,E0,2324,2023-09-16,20,0,0,1,espn
E0-2324-2023-09-16-man-united-brighton,E0,2324,2023-09-16,53,0,0,2,espn
E0-2324-2023-09-16-man-united-brighton,E0,2324,2023-09-16,71,0,0,3,espn
E0-2324-2023-09-16-man-united-brighton,E0,2324,2023-09-16,73,0,1,3,espn
E0-2324-2023-09-16-newcastle-brentford,E0,2324,2023-09-16,64,0,1,0,espn
E0-2324-2023-09-16-west-ham-man-city,E0,2324,2023-09-16,36,0,1,0,espn
E0-2324-2023-09-16-west-ham-man-city,E0,2324,2023-09-16,46,0,1,1,espn
E0-2324-2023-09-16-west-ham-man-city,E0,2324,2023-09-16,76,0,1,2,espn
E0-2324-2023-09-16-west-ham-man-city,E0,2324,2023-09-16,86,0,1,3,espn
E0-2324-2023-09-16-wolves-liverpool,E0,2324,2023-09-16,7,0,1,0,espn
E0-2324-2023-09-16-wolves-liverpool,E0,2324,2023-09-16,55,0,1,1,espn
E0-2324-2023-09-16-wolves-liverpool,E0,2324,2023-09-16,85,0,1,2,espn
E0-2324-2023-09-16-wolves-liverpool,E0,2324,2023-09-16,90,1,1,3,espn
E0-2324-2023-09-17-everton-arsenal,E0,2324,2023-09-17,69,0,0,1,espn
E0-2324-2023-09-23-brentford-everton,E0,2324,2023-09-23,6,0,0,1,espn
E0-2324-2023-09-23-brentford-everton,E0,2324,2023-09-23,28,0,1,1,espn
E0-2324-2023-09-23-brentford-everton,E0,2324,2023-09-23,67,0,1,2,espn
E0-2324-2023-09-23-brentford-everton,E0,2324,2023-09-23,71,0,1,3,espn
E0-2324-2023-09-23-burnley-man-united,E0,2324,2023-09-23,45,0,0,1,espn
E0-2324-2023-09-24-arsenal-tottenham,E0,2324,2023-09-24,26,0,1,0,espn
E0-2324-2023-09-24-arsenal-tottenham,E0,2324,2023-09-24,42,0,1,1,espn
E0-2324-2023-09-24-arsenal-tottenham,E0,2324,2023-09-24,54,0,2,1,espn
E0-2324-2023-09-24-arsenal-tottenham,E0,2324,2023-09-24,55,0,2,2,espn
E0-2324-2023-09-24-brighton-bournemouth,E0,2324,2023-09-24,25,0,0,1,espn
E0-2324-2023-09-24-brighton-bournemouth,E0,2324,2023-09-24,45,2,1,1,espn
E0-2324-2023-09-24-brighton-bournemouth,E0,2324,2023-09-24,46,0,1,1,espn
E0-2324-2023-09-24-brighton-bournemouth,E0,2324,2023-09-24,77,0,3,1,espn
E0-2324-2023-09-24-chelsea-aston-villa,E0,2324,2023-09-24,73,0,0,1,espn
E0-2324-2023-09-24-liverpool-west-ham,E0,2324,2023-09-24,16,0,1,0,espn
E0-2324-2023-09-24-liverpool-west-ham,E0,2324,2023-09-24,42,0,1,1,espn
E0-2324-2023-09-24-liverpool-west-ham,E0,2324,2023-09-24,60,0,2,1,espn
E0-2324-2023-09-24-liverpool-west-ham,E0,2324,2023-09-24,85,0,3,1,espn
E0-2324-2023-09-24-sheffield-united-newcastle,E0,2324,2023-09-24,21,0,0,1,espn
E0-2324-2023-09-24-sheffield-united-newcastle,E0,2324,2023-09-24,31,0,0,2,espn
E0-2324-2023-09-24-sheffield-united-newcastle,E0,2324,2023-09-24,35,0,0,3,espn
E0-2324-2023-09-24-sheffield-united-newcastle,E0,2324,2023-09-24,56,0,0,4,espn
E0-2324-2023-09-24-sheffield-united-newcastle,E0,2324,2023-09-24,61,0,0,5,espn
E0-2324-2023-09-24-sheffield-united-newcastle,E0,2324,2023-09-24,68,0,0,6,espn
E0-2324-2023-09-24-sheffield-united-newcastle,E0,2324,2023-09-24,73,0,0,7,espn
E0-2324-2023-09-24-sheffield-united-newcastle,E0,2324,2023-09-24,87,0,0,8,espn
E0-2324-2023-09-30-aston-villa-brighton,E0,2324,2023-09-30,14,0,1,0,espn
E0-2324-2023-09-30-aston-villa-brighton,E0,2324,2023-09-30,21,0,2,0,espn
E0-2324-2023-09-30-aston-villa-brighton,E0,2324,2023-09-30,26,0,3,0,espn
E0-2324-2023-09-30-aston-villa-brighton,E0,2324,2023-09-30,50,0,3,1,espn
E0-2324-2023-09-30-aston-villa-brighton,E0,2324,2023-09-30,65,0,4,1,espn
E0-2324-2023-09-30-aston-villa-brighton,E0,2324,2023-09-30,85,0,5,1,espn
E0-2324-2023-09-30-aston-villa-brighton,E0,2324,2023-09-30,90,7,6,1,espn
E0-2324-2023-09-30-bournemouth-arsenal,E0,2324,2023-09-30,17,0,0,1,espn
E0-2324-2023-09-30-bournemouth-arsenal,E0,2324,2023-09-30,44,0,0,2,espn
E0-2324-2023-09-30-bournemouth-arsenal,E0,2324,2023-09-30,53,0,0,3,espn
E0-2324-2023-09-30-bournemouth-arsenal,E0,2324,2023-09-30,90,3,0,4,espn
E0-2324-2023-09-30-everton-luton,E0,2324,2023-09-30,24,0,0,1,espn
E0-2324-2023-09-30-everton-luton,E0,2324,2023-09-30,31,0,0,2,espn
E0-2324-2023-09-30-everton-luton,E0,2324,2023-09-30,41,0,1,2,espn
E0-2324-2023-09-30-man-united-crystal-palace,E0,2324,2023-09-30,25,0,0,1,espn
E0-2324-2023-09-30-newcastle-burnley,E0,2324,2023-09-30,14,0,1,0,espn
E0-2324-2023-09-30-newcastle-burnley,E0,2324,2023-09-30,76,0,2,0,espn
E0-2324-2023-09-30-west-ham-sheffield-united,E0,2324,2023-09-30,24,0,1,0,espn
E0-2324-2023-09-30-west-ham-sheffield-united,E0,2324,2023-09-30,37,0,2,0,espn
E0-2324-2023-09-30-wolves-man-city,E0,2324,2023-09-30,13,0,1,0,espn
E0-2324-2023-09-30-wolves-man-city,E0,2324,2023-09-30,58,0,1,1,espn
E0-2324-2023-09-30-wolves-man-city,E0,2324,2023-09-30,66,0,2,1,espn
E0-2324-2023-10-02-fulham-chelsea,E0,2324,2023-10-02,18,0,0,1,espn
E0-2324-2023-10-02-fulham-chelsea,E0,2324,2023-10-02,19,0,0,2,espn
E0-2324-2023-10-03-luton-burnley,E0,2324,2023-10-03,45,2,0,1,espn
E0-2324-2023-10-03-luton-burnley,E0,2324,2023-10-03,84,0,1,1,espn
E0-2324-2023-10-03-luton-burnley,E0,2324,2023-10-03,85,0,1,2,espn
E0-2324-2023-10-07-burnley-chelsea,E0,2324,2023-10-07,15,0,1,0,espn
E0-2324-2023-10-07-burnley-chelsea,E0,2324,2023-10-07,42,0,1,1,espn
E0-2324-2023-10-07-burnley-chelsea,E0,2324,2023-10-07,50,0,1,2,espn
E0-2324-2023-10-07-burnley-chelsea,E0,2324,2023-10-07,65,0,1,3,espn
E0-2324-2023-10-07-burnley-chelsea,E0,2324,2023-10-07,74,0,1,4,espn
E0-2324-2023-10-07-everton-bournemouth,E0,2324,2023-10-07,8,0,1,0,espn
E0-2324-2023-10-07-everton-bournemouth,E0,2324,2023-10-07,37,0,2,0,espn
E0-2324-2023-10-07-everton-bournemouth,E0,2324,2023-10-07,60,0,3,0,espn
E0-2324-2023-10-07-fulham-sheffield-united,E0,2324,2023-10-07,53,0,1,0,espn
E0-2324-2023-10-07-fulham-sheffield-united,E0,2324,2023-10-07,68,0,1,1,espn
E0-2324-2023-10-07-fulham-sheffield-united,E0,2324,2023-10-07,76,0,2,1,espn
E0-2324-2023-10-07-fulham-sheffield-united,E0,2324,2023-10-07,90,2,3,1,espn
E0-2324-2023-10-07-man-united-brentford,E0,2324,2023-10-07,26,0,0,1,espn
E0-2324-2023-10-07-man-united-brentford,E0,2324,2023-10-07,90,3,1,1,espn
E0-2324-2023-10-07-man-united-brentford,E0,2324,2023-10-07,90,7,2,1,espn
E0-2324-2023-10-08-arsenal-man-city,E0,2324,2023-10-08,86,0,1,0,espn
E0-2324-2023-10-08-brighton-liverpool,E0,2324,2023-10-08,20,0,1,0,espn
E0-2324-2023-10-08-brighton-liverpool,E0,2324,2023-10-08,40,0,1,1,espn
E0-2324-2023-10-08-brighton-liverpool,E0,2324,2023-10-08,45,1,1,2,espn
E0-2324-2023-10-08-brighton-liverpool,E0,2324,2023-10-08,78,0,2,2,espn
E0-2324-2023-10-08-west-ham-newcastle,E0,2324,2023-10-08,8,0,1,0,espn
E0-2324-2023-10-08-west-ham-newcastle,E0,2324,2023-10-08,57,0,1,1,espn
E0-2324-2023-10-08-west-ham-newcastle,E0,2324,2023-10-08,62,0,1,2,espn
E0-2324-2023-10-08-west-ham-newcastle,E0,2324,2023-10-08,89,0,2,2,espn
E0-2324-2023-10-21-chelsea-arsenal,E0,2324,2023-10-21,15,0,1,0,espn
E0-2324-2023-10-21-chelsea-arsenal,E0,2324,2023-10-21,48,0,2,0,espn
E0-2324-2023-10-21-chelsea-arsenal,E0,2324,2023-10-21,77,0,2,1,espn
E0-2324-2023-10-21-chelsea-arsenal,E0,2324,2023-10-21,84,0,2,2,espn
E0-2324-2023-10-21-newcastle-crystal-palace,E0,2324,2023-10-21,4,0,1,0,espn
E0-2324-2023-10-21-newcastle-crystal-palace,E0,2324,2023-10-21,44,0,2,0,espn
E0-2324-2023-10-21-newcastle-crystal-palace,E0,2324,2023-10-21,45,2,3,0,espn
E0-2324-2023-10-21-newcastle-crystal-palace,E0,2324,2023-10-21,66,0,4,0,espn
E0-2324-2023-10-21-nott-m-forest-luton,E0,2324,2023-10-21,48,0,1,0,espn
E0-2324-2023-10-21-nott-m-forest-luton,E0,2324,2023-10-21,76,0,2,0,espn
E0-2324-2023-10-21-nott-m-forest-luton,E0,2324,2023-10-21,83,0,2,1,espn
E0-2324-2023-10-21-nott-m-forest-luton,E0,2324,2023-10-21,90,2,2,2,espn
E0-2324-2023-10-21-sheffield-united-man-united,E0,2324,2023-10-21,28,0,0,1,espn
E0-2324-2023-10-21-sheffield-united-man-united,E0,2324,2023-10-21,34,0,1,1,espn
E0-2324-2023-10-21-sheffield-united-man-united,E0,2324,2023-10-21,77,0,1,2,espn
E0-2324-2023-10-22-aston-villa-west-ham,E0,2324,2023-10-22,30,0,1,0,espn
E0-2324-2023-10-22-aston-villa-west-ham,E0,2324,2023-10-22,52,0,2,0,espn
E0-2324-2023-10-22-aston-villa-west-ham,E0,2324,2023-10-22,56,0,2,1,espn
E0-2324-2023-10-22-aston-villa-west-ham,E0,2324,2023-10-22,74,0,3,1,espn
E0-2324-2023-10-22-aston-villa-west-ham,E0,2324,2023-10-22,89,0,4,1,espn
E0-2324-2023-10-23-tottenham-fulham,E0,2324,2023-10-23,36,0,1,0,espn
E0-2324-2023-10-23-tottenham-fulham,E0,2324,2023-10-23,54,0,2,0,espn
E0-2324-2023-10-27-crystal-palace-tottenham,E0,2324,2023-10-27,53,0,0,1,espn
E0-2324-2023-10-27-crystal-palace-tottenham,E0,2324,2023-10-27,66,0,0,2,espn
E0-2324-2023-10-27-crystal-palace-tottenham,E0,2324,2023-10-27,90,4,1,2,espn
E0-2324-2023-10-28-arsenal-sheffield-united,E0,2324,2023-10-28,28,0,1,0,espn
E0-2324-2023-10-28-arsenal-sheffield-united,E0,2324,2023-10-28,50,0,2,0,espn
E0-2324-2023-10-28-arsenal-sheffield-united,E0,2324,2023-10-28,58,0,3,0,espn
E0-2324-2023-10-28-arsenal-sheffield-united,E0,2324,2023-10-28,88,0,4,0,espn
E0-2324-2023-10-28-arsenal-sheffield-united,E0,2324,2023-10-28,90,6,5,0,espn
E0-2324-2023-10-28-bournemouth-burnley,E0,2324,2023-10-28,11,0,0,1,espn
E0-2324-2023-10-28-bournemouth-burnley,E0,2324,2023-10-28,22,0,1,1,espn
E0-2324-2023-10-28-bournemouth-burnley,E0,2324,2023-10-28,76,0,2,1,espn
E0-2324-2023-10-28-chelsea-brentford,E0,2324,2023-10-28,58,0,0,1,espn
E0-2324-2023-10-28-chelsea-brentford,E0,2324,2023-10-28,90,6,0,2,espn
E0-2324-2023-10-28-wolves-newcastle,E0,2324,2023-10-28,22,0,0,1,espn
E0-2324-2023-10-28-wolves-newcastle,E0,2324,2023-10-28,36,0,1,1,espn
E0-2324-2023-10-28-wolves-newcastle,E0,2324,2023-10-28,45,4,1,2,espn
E0-2324-2023-10-28-wolves-newcastle,E0,2324,2023-10-28,71,0,2,2,espn
E0-2324-2023-10-29-aston-villa-luton,E0,2324,2023-10-29,17,0,1,0,espn
E0-2324-2023-10-29-aston-villa-luton,E0,2324,2023-10-29,49,0,2,0,espn
E0-2324-2023-10-29-aston-villa-luton,E0,2324,2023-10-29,62,0,3,0,espn
E0-2324-2023-10-29-aston-villa-luton,E0,2324,2023-10-29,83,0,3,1,espn
E0-2324-2023-10-29-brighton-fulham,E0,2324,2023-10-29,26,0,1,0,espn
E0-2324-2023-10-29-brighton-fulham,E0,2324,2023-10-29,65,0,1,1,espn
E0-2324-2023-10-29-liverpool-nott-m-forest,E0,2324,2023-10-29,31,0,1,0,espn
E0-2324-2023-10-29-liverpool-nott-m-forest,E0,2324,2023-10-29,35,0,2,0,espn
E0-2324-2023-10-29-liverpool-nott-m-forest,E0,2324,2023-10-29,77,0,3,0,espn
E0-2324-2023-10-29-man-united-man-city,E0,2324,2023-10-29,26,0,0,1,espn
E0-2324-2023-10-29-man-united-man-city,E0,2324,2023-10-29,49,0,0,2,espn
E0-2324-2023-10-29-man-united-man-city,E0,2324,2023-10-29,80,0,0,3,espn
E0-2324-2023-10-29-west-ham-everton,E0,2324,2023-10-29,51,0,0,1,espn
E0-2324-2023-11-04-brentford-west-ham,E0,2324,2023-11-04,11,0,1,0,espn
E0-2324-2023-11-04-brentford-west-ham,E0,2324,2023-11-04,19,0,1,1,espn
E0-2324-2023-11-04-brentford-west-ham,E0,2324,2023-11-04,26,0,1,2,espn
E0-2324-2023-11-04-brentford-west-ham,E0,2324,2023-11-04,55,0,2,2,espn
E0-2324-2023-11-04-brentford-west-ham,E0,2324,2023-11-04,69,0,3,2,espn
E0-2324-2023-11-04-burnley-crystal-palace,E0,2324,2023-11-04,22,0,0,1,espn
E0-2324-2023-11-04-burnley-crystal-palace,E0,2324,2023-11-04,90,4,0,2,espn
E0-2324-2023-11-04-everton-brighton,E0,2324,2023-11-04,7,0,1,0,espn
E0-2324-2023-11-04-everton-brighton,E0,2324,2023-11-04,84,0,1,1,espn
E0-2324-2023-11-04-fulham-man-united,E0,2324,2023-11-04,90,1,0,1,espn
E0-2324-2023-11-04-man-city-bournemouth,E0,2324,2023-11-04,30,0,1,0,espn
E0-2324-2023-11-04-man-city-bournemouth,E0,2324,2023-11-04,33,0,2,0,espn
E0-2324-2023-11-04-man-city-bournemouth,E0,2324,2023-11-04,37,0,3,0,espn
E0-2324-2023-11-04-man-city-bournemouth,E0,2324,2023-11-04,64,0,4,0,espn
E0-2324-2023-11-04-man-city-bournemouth,E0,2324,2023-11-04,74,0,4,1,espn
E0-2324-2023-11-04-man-city-bournemouth,E0,2324,2023-11-04,83,0,5,1,espn
E0-2324-2023-11-04-man-city-bournemouth,E0,2324,2023-11-04,88,0,6,1,espn
E0-2324-2023-11-04-newcastle-arsenal,E0,2324,2023-11-04,64,0,1,0,espn
E0-2324-2023-11-04-sheffield-united-wolves,E0,2324,2023-11-04,72,0,1,0,espn
E0-2324-2023-11-04-sheffield-united-wolves,E0,2324,2023-11-04,89,0,1,1,espn
E0-2324-2023-11-04-sheffield-united-wolves,E0,2324,2023-11-04,90,10,2,1,espn
E0-2324-2023-11-05-luton-liverpool,E0,2324,2023-11-05,80,0,1,0,espn
E0-2324-2023-11-05-luton-liverpool,E0,2324,2023-11-05,90,5,1,1,espn
E0-2324-2023-11-05-nott-m-forest-aston-villa,E0,2324,2023-11-05,5,0,1,0,espn
E0-2324-2023-11-05-nott-m-forest-aston-villa,E0,2324,2023-11-05,47,0,2,0,espn
E0-2324-2023-11-11-bournemouth-newcastle,E0,2324,2023-11-11,60,0,1,0,espn
E0-2324-2023-11-11-bournemouth-newcastle,E0,2324,2023-11-11,73,0,2,0,espn
E0-2324-2023-11-11-crystal-palace-everton,E0,2324,2023-11-11,1,0,0,1,espn
E0-2324-2023-11-11-crystal-palace-everton,E0,2324,2023-11-11,5,0,1,1,espn
E0-2324-2023-11-11-crystal-palace-everton,E0,2324,2023-11-11,49,0,1,2,espn
E0-2324-2023-11-11-crystal-palace-everton,E0,2324,2023-11-11,74,0,2,2,espn
E0-2324-2023-11-11-crystal-palace-everton,E0,2324,2023-11-11,86,0,2,3,espn
E0-2324-2023-11-11-man-united-luton,E0,2324,2023-11-11,59,0,1,0,espn
E0-2324-2023-11-11-wolves-tottenham,E0,2324,2023-11-11,3,0,0,1,espn
E0-2324-2023-11-11-wolves-tottenham,E0,2324,2023-11-11,90,1,1,1,espn
E0-2324-2023-11-11-wolves-tottenham,E0,2324,2023-11-11,90,7,2,1,espn
E0-2324-2023-11-12-aston-villa-fulham,E0,2324,2023-11-12,27,0,1,0,espn
E0-2324-2023-11-12-aston-villa-fulham,E0,2324,2023-11-12,42,0,2,0,espn
E0-2324-2023-11-12-aston-villa-fulham,E0,2324,2023-11-12,64,0,3,0,espn
E0-2324-2023-11-12-aston-villa-fulham,E0,2324,2023-11-12,70,0,3,1,espn
E0-2324-2023-11-12-chelsea-man-city,E0,2324,2023-11-12,25,0,0,1,espn
E0-2324-2023-11-12-chelsea-man-city,E0,2324,2023-11-12,29,0,1,1,espn
E0-2324-2023-11-12-chelsea-man-city,E0,2324,2023-11-12,37,0,2,1,espn
E0-2324-2023-11-12-chelsea-man-city,E0,2324,2023-11-12,45,1,2,2,espn
E0-2324-2023-11-12-chelsea-man-city,E0,2324,2023-11-12,47,0,2,3,espn
E0-2324-2023-11-12-chelsea-man-city,E0,2324,2023-11-12,67,0,3,3,espn
E0-2324-2023-11-12-chelsea-man-city,E0,2324,2023-11-12,86,0,3,4,espn
E0-2324-2023-11-12-chelsea-man-city,E0,2324,2023-11-12,90,5,4,4,espn
E0-2324-2023-11-12-liverpool-brentford,E0,2324,2023-11-12,39,0,1,0,espn
E0-2324-2023-11-12-liverpool-brentford,E0,2324,2023-11-12,62,0,2,0,espn
E0-2324-2023-11-12-liverpool-brentford,E0,2324,2023-11-12,74,0,3,0,espn
E0-2324-2023-11-12-west-ham-nott-m-forest,E0,2324,2023-11-12,3,0,1,0,espn
E0-2324-2023-11-12-west-ham-nott-m-forest,E0,2324,2023-11-12,44,0,1,1,espn
E0-2324-2023-11-12-west-ham-nott-m-forest,E0,2324,2023-11-12,63,0,1,2,espn
E0-2324-2023-11-12-west-ham-nott-m-forest,E0,2324,2023-11-12,65,0,2,2,espn
E0-2324-2023-11-12-west-ham-nott-m-forest,E0,2324,2023-11-12,88,0,3,2,espn
E0-2324-2023-11-25-brentford-arsenal,E0,2324,2023-11-25,89,0,0,1,espn
E0-2324-2023-11-25-burnley-west-ham,E0,2324,2023-11-25,49,0,1,0,espn
E0-2324-2023-11-25-burnley-west-ham,E0,2324,2023-11-25,86,0,1,1,espn
E0-2324-2023-11-25-burnley-west-ham,E0,2324,2023-11-25,90,1,1,2,espn
E0-2324-2023-11-25-luton-crystal-palace,E0,2324,2023-11-25,72,0,1,0,espn
E0-2324-2023-11-25-luton-crystal-palace,E0,2324,2023-11-25,74,0,1,1,espn
E0-2324-2023-11-25-luton-crystal-palace,E0,2324,2023-11-25,83,0,2,1,espn
E0-2324-2023-11-25-man-city-liverpool,E0,2324,2023-11-25,27,0,1,0,espn
E0-2324-2023-11-25-man-city-liverpool,E0,2324,2023-11-25,80,0,1,1,espn
E0-2324-2023-11-25-sheffield-united-bournemouth,E0,2324,2023-11-25,12,0,0,1,espn
E0-2324-2023-11-25-sheffield-united-bournemouth,E0,2324,2023-11-25,45,3,0,2,espn
E0-2324-2023-11-25-sheffield-united-bournemouth,E0,2324,2023-11-25,51,0,0,3,espn
E0-2324-2023-11-25-sheffield-united-bournemouth,E0,2324,2023-11-25,90,7,1,3,espn
E0-2324-2023-11-26-everton-man-united,E0,2324,2023-11-26,3,0,0,1,espn
E0-2324-2023-11-26-everton-man-united,E0,2324,2023-11-26,56,0,0,2,espn
E0-2324-2023-11-26-everton-man-united,E0,2324,2023-11-26,75,0,0,3,espn
E0-2324-2023-11-26-tottenham-aston-villa,E0,2324,2023-11-26,22,0,1,0,espn
E0-2324-2023-11-26-tottenham-aston-villa,E0,2324,2023-11-26,45,7,1,1,espn
E0-2324-2023-11-26-tottenham-aston-villa,E0,2324,2023-11-26,61,0,1,2,espn
E0-2324-2023-11-27-fulham-wolves,E0,2324,2023-11-27,7,0,1,0,espn
E0-2324-2023-11-27-fulham-wolves,E0,2324,2023-11-27,22,0,1,1,espn
E0-2324-2023-11-27-fulham-wolves,E0,2324,2023-11-27,59,0,2,1,espn
E0-2324-2023-11-27-fulham-wolves,E0,2324,2023-11-27,75,0,2,2,espn
E0-2324-2023-11-27-fulham-wolves,E0,2324,2023-11-27,90,4,3,2,espn
E0-2324-2023-12-02-arsenal-wolves,E0,2324,2023-12-02,6,0,1,0,espn
E0-2324-2023-12-02-arsenal-wolves,E0,2324,2023-12-02,13,0,2,0,espn
E0-2324-2023-12-02-arsenal-wolves,E0,2324,2023-12-02,86,0,2,1,espn
E0-2324-2023-12-02-brentford-luton,E0,2324,2023-12-02,49,0,1,0,espn
E0-2324-2023-12-02-brentford-luton,E0,2324,2023-12-02,56,0,2,0,espn
E0-2324-2023-12-02-brentford-luton,E0,2324,2023-12-02,76,0,2,1,espn
E0-2324-2023-12-02-brentford-luton,E0,2324,2023-12-02,81,0,3,1,espn
E0-2324-2023-12-02-newcastle-man-united,E0,2324,2023-12-02,55,0,1,0,espn
E0-2324-2023-12-02-nott-m-forest-everton,E0,2324,2023-12-02,67,0,0,1,espn
E0-2324-2023-12-03-bournemouth-aston-villa,E0,2324,2023-12-03,10,0,1,0,espn
E0-2324-2023-12-03-bournemouth-aston-villa,E0,2324,2023-12-03,20,0,1,1,espn
E0-2324-2023-12-03-bournemouth-aston-villa,E0,2324,2023-12-03,52,0,2,1,espn
E0-2324-2023-12-03-bournemouth-aston-villa,E0,2324,2023-12-03,90,0,2,2,espn
E0-2324-2023-12-03-liverpool-fulham,E0,2324,2023-12-03,20,0,1,0,espn
E0-2324-2023-12-03-liverpool-fulham,E0,2324,2023-12-03,24,0,1,1,espn
E0-2324-2023-12-03-liverpool-fulham,E0,2324,2023-12-03,38,0,2,1,espn
E0-2324-2023-12-03-liverpool-fulham,E0,2324,2023-12-03,45,3,2,2,espn
E0-2324-2023-12-03-liverpool-fulham,E0,2324,2023-12-03,80,0,2,3,espn
E0-2324-2023-12-03-liverpool-fulham,E0,2324,2023-12-03,87,0,3,3,espn
E0-2324-2023-12-03-liverpool-fulham,E0,2324,2023-12-03,88,0,4,3,espn
E0-2324-2023-12-03-man-city-tottenham,E0,2324,2023-12-03,6,0,0,1,espn
E0-2324-2023-12-03-man-city-tottenham,E0,2324,2023-12-03,9,0,1,1,espn
E0-2324-2023-12-03-man-city-tottenham,E0,2324,2023-12-03,31,0,2,1,espn
E0-2324-2023-12-03-man-city-tottenham,E0,2324,2023-12-03,69,0,2,2,espn
E0-2324-2023-12-03-man-city-tottenham,E0,2324,2023-12-03,81,0,3,2,espn
E0-2324-2023-12-03-man-city-tottenham,E0,2324,2023-12-03,90,0,3,3,espn
E0-2324-2023-12-03-west-ham-crystal-palace,E0,2324,2023-12-03,13,0,1,0,espn
E0-2324-2023-12-03-west-ham-crystal-palace,E0,2324,2023-12-03,53,0,1,1,espn
E0-2324-2023-12-05-luton-arsenal,E0,2324,2023-12-05,20,0,0,1,espn
E0-2324-2023-12-05-luton-arsenal,E0,2324,2023-12-05,25,0,1,1,espn
E0-2324-2023-12-05-luton-arsenal,E0,2324,2023-12-05,45,0,1,2,espn
E0-2324-2023-12-05-luton-arsenal,E0,2324,2023-12-05,49,0,2,2,espn
E0-2324-2023-12-05-luton-arsenal,E0,2324,2023-12-05,57,0,3,2,espn
E0-2324-2023-12-05-luton-arsenal,E0,2324,2023-12-05,60,0,3,3,espn
E0-2324-2023-12-05-luton-arsenal,E0,2324,2023-12-05,90,7,3,4,espn
E0-2324-2023-12-05-wolves-burnley,E0,2324,2023-12-05,42,0,1,0,espn
E0-2324-2023-12-06-aston-villa-man-city,E0,2324,2023-12-06,74,0,1,0,espn
E0-2324-2023-12-06-brighton-brentford,E0,2324,2023-12-06,27,0,0,1,espn
E0-2324-2023-12-06-brighton-brentford,E0,2324,2023-12-06,31,0,1,1,espn
E0-2324-2023-12-06-brighton-brentford,E0,2324,2023-12-06,52,0,2,1,espn
E0-2324-2023-12-06-crystal-palace-bournemouth,E0,2324,2023-12-06,25,0,0,1,espn
E0-2324-2023-12-06-crystal-palace-bournemouth,E0,2324,2023-12-06,90,1,0,2,espn
E0-2324-2023-12-06-fulham-nott-m-forest,E0,2324,2023-12-06,30,0,1,0,espn
E0-2324-2023-12-06-fulham-nott-m-forest,E0,2324,2023-12-06,34,0,2,0,espn
E0-2324-2023-12-06-fulham-nott-m-forest,E0,2324,2023-12-06,54,0,3,0,espn
E0-2324-2023-12-06-fulham-nott-m-forest,E0,2324,2023-12-06,74,0,4,0,espn
E0-2324-2023-12-06-fulham-nott-m-forest,E0,2324,2023-12-06,86,0,5,0,espn
E0-2324-2023-12-06-man-united-chelsea,E0,2324,2023-12-06,19,0,1,0,espn
E0-2324-2023-12-06-man-united-chelsea,E0,2324,2023-12-06,45,0,1,1,espn
E0-2324-2023-12-06-man-united-chelsea,E0,2324,2023-12-06,69,0,2,1,espn
E0-2324-2023-12-06-sheffield-united-liverpool,E0,2324,2023-12-06,37,0,0,1,espn
E0-2324-2023-12-06-sheffield-united-liverpool,E0,2324,2023-12-06,90,4,0,2,espn
E0-2324-2023-12-07-everton-newcastle,E0,2324,2023-12-07,79,0,1,0,espn
E0-2324-2023-12-07-everton-newcastle,E0,2324,2023-12-07,86,0,2,0,espn
E0-2324-2023-12-07-everton-newcastle,E0,2324,2023-12-07,90,6,3,0,espn
E0-2324-2023-12-07-tottenham-west-ham,E0,2324,2023-12-07,11,0,1,0,espn
E0-2324-2023-12-07-tottenham-west-ham,E0,2324,2023-12-07,52,0,1,1,espn
E0-2324-2023-12-07-tottenham-west-ham,E0,2324,2023-12-07,74,0,1,2,espn
E0-2324-2023-12-09-aston-villa-arsenal,E0,2324,2023-12-09,7,0,1,0,espn
E0-2324-2023-12-09-brighton-burnley,E0,2324,2023-12-09,45,0,0,1,espn
E0-2324-2023-12-09-brighton-burnley,E0,2324,2023-12-09,77,0,1,1,espn
E0-2324-2023-12-09-man-united-bournemouth,E0,2324,2023-12-09,5,0,0,1,espn
E0-2324-2023-12-09-man-united-bournemouth,E0,2324,2023-12-09,68,0,0,2,espn
E0-2324-2023-12-09-man-united-bournemouth,E0,2324,2023-12-09,73,0,0,3,espn
E0-2324-2023-12-09-sheffield-united-brentford,E0,2324,2023-12-09,45,1,1,0,espn
E0-2324-2023-12-09-wolves-nott-m-forest,E0,2324,2023-12-09,14,0,0,1,espn
E0-2324-2023-12-09-wolves-nott-m-forest,E0,2324,2023-12-09,32,0,1,1,espn
E0-2324-2023-12-10-everton-chelsea,E0,2324,2023-12-10,54,0,1,0,espn
E0-2324-2023-12-10-everton-chelsea,E0,2324,2023-12-10,90,2,2,0,espn
E0-2324-2023-12-10-fulham-west-ham,E0,2324,2023-12-10,22,0,1,0,espn
E0-2324-2023-12-10-fulham-west-ham,E0,2324,2023-12-10,31,0,2,0,espn
E0-2324-2023-12-10-fulham-west-ham,E0,2324,2023-12-10,41,0,3,0,espn
E0-2324-2023-12-10-fulham-west-ham,E0,2324,2023-12-10,60,0,4,0,espn
E0-2324-2023-12-10-fulham-west-ham,E0,2324,2023-12-10,89,0,5,0,espn
E0-2324-2023-12-10-luton-man-city,E0,2324,2023-12-10,45,2,1,0,espn
E0-2324-2023-12-10-luton-man-city,E0,2324,2023-12-10,62,0,1,1,espn
E0-2324-2023-12-10-luton-man-city,E0,2324,2023-12-10,65,0,1,2,espn
E0-2324-2023-12-10-tottenham-newcastle,E0,2324,2023-12-10,26,0,1,0,espn
E0-2324-2023-12-10-tottenham-newcastle,E0,2324,2023-12-10,38,0,2,0,espn
E0-2324-2023-12-10-tottenham-newcastle,E0,2324,2023-12-10,60,0,3,0,espn
E0-2324-2023-12-10-tottenham-newcastle,E0,2324,2023-12-10,85,0,4,0,espn
E0-2324-2023-12-10-tottenham-newcastle,E0,2324,2023-12-10,90,1,4,1,espn
E0-2324-2023-12-16-burnley-everton,E0,2324,2023-12-16,19,0,0,1,espn
E0-2324-2023-12-16-burnley-everton,E0,2324,2023-12-16,25,0,0,2,espn
E0-2324-2023-12-16-chelsea-sheffield-united,E0,2324,2023-12-16,54,0,1,0,espn
E0-2324-2023-12-16-chelsea-sheffield-united,E0,2324,2023-12-16,61,0,2,0,espn
E0-2324-2023-12-16-man-city-crystal-palace,E0,2324,2023-12-16,24,0,1,0,espn
E0-2324-2023-12-16-man-city-crystal-palace,E0,2324,2023-12-16,54,0,2,0,espn
E0-2324-2023-12-16-man-city-crystal-palace,E0,2324,2023-12-16,76,0,2,1,espn
E0-2324-2023-12-16-man-city-crystal-palace,E0,2324,2023-12-16,90,5,2,2,espn
E0-2324-2023-12-17-arsenal-brighton,E0,2324,2023-12-17,53,0,1,0,espn
E0-2324-2023-12-17-arsenal-brighton,E0,2324,2023-12-17,87,0,2,0,espn
E0-2324-2023-12-17-west-ham-wolves,E0,2324,2023-12-17,23,0,1,0,espn
E0-2324-2023-12-17-west-ham-wolves,E0,2324,2023-12-17,32,0,2,0,espn
E0-2324-2023-12-17-west-ham-wolves,E0,2324,2023-12-17,74,0,3,0,espn
E0-2324-2023-12-21-crystal-palace-brighton,E0,2324,2023-12-21,45,1,1,0,espn
E0-2324-2023-12-21-crystal-palace-brighton,E0,2324,2023-12-21,82,0,1,1,espn
E0-2324-2023-12-22-aston-villa-sheffield-united,E0,2324,2023-12-22,87,0,0,1,espn
E0-2324-2023-12-22-aston-villa-sheffield-united,E0,2324,2023-12-22,90,7,1,1,espn
E0-2324-2023-12-23-fulham-burnley,E0,2324,2023-12-23,47,0,0,1,espn
E0-2324-2023-12-23-fulham-burnley,E0,2324,2023-12-23,66,0,0,2,espn
E0-2324-2023-12-23-liverpool-arsenal,E0,2324,2023-12-23,4,0,0,1,espn
E0-2324-2023-12-23-liverpool-arsenal,E0,2324,2023-12-23,29,0,1,1,espn
E0-2324-2023-12-23-luton-newcastle,E0,2324,2023-12-23,25,0,1,0,espn
E0-2324-2023-12-23-tottenham-everton,E0,2324,2023-12-23,9,0,1,0,espn
E0-2324-2023-12-23-tottenham-everton,E0,2324,2023-12-23,18,0,2,0,espn
E0-2324-2023-12-23-tottenham-everton,E0,2324,2023-12-23,82,0,2,1,espn
E0-2324-2023-12-23-west-ham-man-united,E0,2324,2023-12-23,72,0,1,0,espn
E0-2324-2023-12-23-west-ham-man-united,E0,2324,2023-12-23,78,0,2,0,espn
E0-2324-2023-12-24-wolves-chelsea,E0,2324,2023-12-24,51,0,1,0,espn
E0-2324-2023-12-24-wolves-chelsea,E0,2324,2023-12-24,90,3,2,0,espn
E0-2324-2023-12-24-wolves-chelsea,E0,2324,2023-12-24,90,6,2,1,espn
E0-2324-2023-12-26-bournemouth-fulham,E0,2324,2023-12-26,44,0,1,0,espn
E0-2324-2023-12-26-bournemouth-fulham,E0,2324,2023-12-26,62,0,2,0,espn
E0-2324-2023-12-26-bournemouth-fulham,E0,2324,2023-12-26,90,3,3,0,espn
E0-2324-2023-12-26-burnley-liverpool,E0,2324,2023-12-26,6,0,0,1,espn
E0-2324-2023-12-26-burnley-liverpool,E0,2324,2023-12-26,90,0,0,2,espn
E0-2324-2023-12-26-man-united-aston-villa,E0,2324,2023-12-26,21,0,0,1,espn
E0-2324-2023-12-26-man-united-aston-villa,E0,2324,2023-12-26,26,0,0,2,espn
E0-2324-2023-12-26-man-united-aston-villa,E0,2324,2023-12-26,59,0,1,2,espn
E0-2324-2023-12-26-man-united-aston-villa,E0,2324,2023-12-26,71,0,2,2,espn
E0-2324-2023-12-26-man-united-aston-villa,E0,2324,2023-12-26,82,0,3,2,espn
E0-2324-2023-12-26-newcastle-nott-m-forest,E0,2324,2023-12-26,23,0,1,0,espn
E0-2324-2023-12-26-newcastle-nott-m-forest,E0,2324,2023-12-26,45,1,1,1,espn
E0-2324-2023-12-26-newcastle-nott-m-forest,E0,2324,2023-12-26,53,0,1,2,espn
E0-2324-2023-12-26-newcastle-nott-m-forest,E0,2324,2023-12-26,60,0,1,3,espn
E0-2324-2023-12-26-sheffield-united-luton,E0,2324,2023-12-26,17,0,0,1,espn
E0-2324-2023-12-26-sheffield-united-luton,E0,2324,2023-12-26,61,0,1,1,espn
E0-2324-2023-12-26-sheffield-united-luton,E0,2324,2023-12-26,69,0,2,1,espn
E0-2324-2023-12-26-sheffield-united-luton,E0,2324,2023-12-26,77,0,2,2,espn
E0-2324-2023-12-26-sheffield-united-luton,E0,2324,2023-12-26,81,0,2,3,espn
E0-2324-2023-12-27-brentford-wolves,E0,2324,2023-12-27,13,0,0,1,espn
E0-2324-2023-12-27-brentford-wolves,E0,2324,2023-12-27,14,0,0,2,espn
E0-2324-2023-12-27-brentford-wolves,E0,2324,2023-12-27,16,0,1,2,espn
E0-2324-2023-12-27-brentford-wolves,E0,2324,2023-12-27,28,0,1,3,espn
E0-2324-2023-12-27-brentford-wolves,E0,2324,2023-12-27,79,0,1,4,espn
E0-2324-2023-12-27-chelsea-crystal-palace,E0,2324,2023-12-27,13,0,1,0,espn
E0-2324-2023-12-27-chelsea-crystal-palace,E0,2324,2023-12-27,45,1,1,1,espn
E0-2324-2023-12-27-chelsea-crystal-palace,E0,2324,2023-12-27,89,0,2,1,espn
E0-2324-2023-12-27-everton-man-city,E0,2324,2023-12-27,29,0,1,0,espn
E0-2324-2023-12-27-everton-man-city,E0,2324,2023-12-27,53,0,1,1,espn
E0-2324-2023-12-27-everton-man-city,E0,2324,2023-12-27,64,0,1,2,espn
E0-2324-2023-12-27-everton-man-city,E0,2324,2023-12-27,86,0,1,3,espn
E0-2324-2023-12-28-arsenal-west-ham,E0,2324,2023-12-28,13,0,0,1,espn
E0-2324-2023-12-28-arsenal-west-ham,E0,2324,2023-12-28,55,0,0,2,espn
E0-2324-2023-12-28-brighton-tottenham,E0,2324,2023-12-28,11,0,1,0,espn
E0-2324-2023-12-28-brighton-tottenham,E0,2324,2023-12-28,23,0,2,0,espn
E0-2324-2023-12-28-brighton-tottenham,E0,2324,2023-12-28,63,0,3,0,espn
E0-2324-2023-12-28-brighton-tottenham,E0,2324,2023-12-28,75,0,4,0,espn
E0-2324-2023-12-28-brighton-tottenham,E0,2324,2023-12-28,81,0,4,1,espn
E0-2324-2023-12-28-brighton-tottenham,E0,2324,2023-12-28,85,0,4,2,espn
E0-2324-2023-12-30-crystal-palace-brentford,E0,2324,2023-12-30,2,0,0,1,espn
E0-2324-2023-12-30-crystal-palace-brentford,E0,2324,2023-12-30,14,0,1,1,espn
E0-2324-2023-12-30-crystal-palace-brentford,E0,2324,2023-12-30,39,0,2,1,espn
E0-2324-2023-12-30-crystal-palace-brentford,E0,2324,2023-12-30,58,0,3,1,espn
E0-2324-2023-12-30-luton-chelsea,E0,2324,2023-12-30,12,0,0,1,espn
E0-2324-2023-12-30-luton-chelsea,E0,2324,2023-12-30,37,0,0,2,espn
E0-2324-2023-12-30-luton-chelsea,E0,2324,2023-12-30,70,0,0,3,espn
E0-2324-2023-12-30-luton-chelsea,E0,2324,2023-12-30,80,0,1,3,espn
E0-2324-2023-12-30-luton-chelsea,E0,2324,2023-12-30,87,0,2,3,espn
E0-2324-2023-12-30-man-city-sheffield-united,E0,2324,2023-12-30,14,0,1,0,espn
E0-2324-2023-12-30-man-city-sheffield-united,E0,2324,2023-12-30,61,0,2,0,espn
E0-2324-2023-12-30-nott-m-forest-man-united,E0,2324,2023-12-30,64,0,1,0,espn
E0-2324-2023-12-30-nott-m-forest-man-united,E0,2324,2023-12-30,78,0,1,1,espn
E0-2324-2023-12-30-nott-m-forest-man-united,E0,2324,2023-12-30,82,0,2,1,espn
E0-2324-2023-12-30-wolves-everton,E0,2324,2023-12-30,25,0,1,0,espn
E0-2324-2023-12-30-wolves-everton,E0,2324,2023-12-30,53,0,2,0,espn
E0-2324-2023-12-30-wolves-everton,E0,2324,2023-12-30,61,0,3,0,espn
E0-2324-2023-12-31-fulham-arsenal,E0,2324,2023-12-31,5,0,0,1,espn
E0-2324-2023-12-31-fulham-arsenal,E0,2324,2023-12-31,29,0,1,1,espn
E0-2324-2023-12-31-fulham-arsenal,E0,2324,2023-12-31,59,0,2,1,espn
E0-2324-2023-12-31-tottenham-bournemouth,E0,2324,2023-12-31,9,0,1,0,espn
E0-2324-2023-12-31-tottenham-bournemouth,E0,2324,2023-12-31,71,0,2,0,espn
E0-2324-2023-12-31-tottenham-bournemouth,E0,2324,2023-12-31,80,0,3,0,espn
E0-2324-2023-12-31-tottenham-bournemouth,E0,2324,2023-12-31,84,0,3,1,espn
E0-2324-2024-01-01-liverpool-newcastle,E0,2324,2024-01-01,49,0,1,0,espn
E0-2324-2024-01-01-liverpool-newcastle,E0,2324,2024-01-01,54,0,1,1,espn
E0-2324-2024-01-01-liverpool-newcastle,E0,2324,2024-01-01,74,0,2,1,espn
E0-2324-2024-01-01-liverpool-newcastle,E0,2324,2024-01-01,78,0,3,1,espn
E0-2324-2024-01-01-liverpool-newcastle,E0,2324,2024-01-01,81,0,3,2,espn
E0-2324-2024-01-01-liverpool-newcastle,E0,2324,2024-01-01,86,0,4,2,espn
E0-2324-2024-01-12-burnley-luton,E0,2324,2024-01-12,36,0,1,0,espn
E0-2324-2024-01-12-burnley-luton,E0,2324,2024-01-12,90,2,1,1,espn
E0-2324-2024-01-13-chelsea-fulham,E0,2324,2024-01-13,45,4,1,0,espn
E0-2324-2024-01-13-newcastle-man-city,E0,2324,2024-01-13,26,0,0,1,espn
E0-2324-2024-01-13-newcastle-man-city,E0,2324,2024-01-13,35,0,1,1,espn
E0-2324-2024-01-13-newcastle-man-city,E0,2324,2024-01-13,37,0,2,1,espn
E0-2324-2024-01-13-newcastle-man-city,E0,2324,2024-01-13,74,0,2,2,espn
E0-2324-2024-01-13-newcastle-man-city,E0,2324,2024-01-13,90,1,2,3,espn
E0-2324-2024-01-14-man-united-tottenham,E0,2324,2024-01-14,3,0,1,0,espn
E0-2324-2024-01-14-man-united-tottenham,E0,2324,2024-01-14,19,0,1,1,espn
E0-2324-2024-01-14-man-united-tottenham,E0,2324,2024-01-14,40,0,2,1,espn
E0-2324-2024-01-14-man-united-tottenham,E0,2324,2024-01-14,46,0,2,2,espn
E0-2324-2024-01-20-arsenal-crystal-palace,E0,2324,2024-01-20,11,0,1,0,espn
E0-2324-2024-01-20-arsenal-crystal-palace,E0,2324,2024-01-20,37,0,2,0,espn
E0-2324-2024-01-20-arsenal-crystal-palace,E0,2324,2024-01-20,59,0,3,0,espn
E0-2324-2024-01-20-arsenal-crystal-palace,E0,2324,2024-01-20,90,4,4,0,espn
E0-2324-2024-01-20-arsenal-crystal-palace,E0,2324,2024-01-20,90,5,5,0,espn
E0-2324-2024-01-20-brentford-nott-m-forest,E0,2324,2024-01-20,3,0,0,1,espn
E0-2324-2024-01-20-brentford-nott-m-forest,E0,2324,2024-01-20,19,0,1,1,espn
E0-2324-2024-01-20-brentford-nott-m-forest,E0,2324,2024-01-20,58,0,2,1,espn
E0-2324-2024-01-20-brentford-nott-m-forest,E0,2324,2024-01-20,65,0,2,2,espn
E0-2324-2024-01-20-brentford-nott-m-forest,E0,2324,2024-01-20,68,0,3,2,espn
E0-2324-2024-01-21-bournemouth-liverpool,E0,2324,2024-01-21,49,0,0,1,espn
E0-2324-2024-01-21-bournemouth-liverpool,E0,2324,2024-01-21,70,0,0,2,espn
E0-2324-2024-01-21-bournemouth-liverpool,E0,2324,2024-01-21,79,0,0,3,espn
E0-2324-2024-01-21-bournemouth-liverpool,E0,2324,2024-01-21,90,3,0,4,espn
E0-2324-2024-01-30-aston-villa-newcastle,E0,2324,2024-01-30,32,0,0,1,espn
E0-2324-2024-01-30-aston-villa-newcastle,E0,2324,2024-01-30,36,0,0,2,espn
E0-2324-2024-01-30-aston-villa-newcastle,E0,2324,2024-01-30,52,0,0,3,espn
E0-2324-2024-01-30-aston-villa-newcastle,E0,2324,2024-01-30,71,0,1,3,espn
E0-2324-2024-01-30-crystal-palace-sheffield-united,E0,2324,2024-01-30,1,0,0,1,espn
E0-2324-2024-01-30-crystal-palace-sheffield-united,E0,2324,2024-01-30,17,0,1,1,espn
E0-2324-2024-01-30-crystal-palace-sheffield-united,E0,2324,2024-01-30,20,0,1,2,espn
E0-2324-2024-01-30-crystal-palace-sheffield-united,E0,2324,2024-01-30,27,0,2,2,espn
E0-2324-2024-01-30-crystal-palace-sheffield-united,E0,2324,2024-01-30,67,0,3,2,espn
E0-2324-2024-01-30-luton-brighton,E0,2324,2024-01-30,1,0,1,0,espn
E0-2324-2024-01-30-luton-brighton,E0,2324,2024-01-30,3,0,2,0,espn
E0-2324-2024-01-30-luton-brighton,E0,2324,2024-01-30,42,0,3,0,espn
E0-2324-2024-01-30-luton-brighton,E0,2324,2024-01-30,56,0,4,0,espn
E0-2324-2024-01-30-nott-m-forest-arsenal,E0,2324,2024-01-30,65,0,0,1,espn
E0-2324-2024-01-30-nott-m-forest-arsenal,E0,2324,2024-01-30,72,0,0,2,espn
E0-2324-2024-01-30-nott-m-forest-arsenal,E0,2324,2024-01-30,89,0,1,2,espn
E0-2324-2024-01-31-liverpool-chelsea,E0,2324,2024-01-31,23,0,1,0,espn
E0-2324-2024-01-31-liverpool-chelsea,E0,2324,2024-01-31,39,0,2,0,espn
E0-2324-2024-01-31-liverpool-chelsea,E0,2324,2024-01-31,65,0,3,0,espn
E0-2324-2024-01-31-liverpool-chelsea,E0,2324,2024-01-31,71,0,3,1,espn
E0-2324-2024-01-31-liverpool-chelsea,E0,2324,2024-01-31,79,0,4,1,espn
E0-2324-2024-01-31-man-city-burnley,E0,2324,2024-01-31,16,0,1,0,espn
E0-2324-2024-01-31-man-city-burnley,E0,2324,2024-01-31,22,0,2,0,espn
E0-2324-2024-01-31-man-city-burnley,E0,2324,2024-01-31,46,0,3,0,espn
E0-2324-2024-01-31-man-city-burnley,E0,2324,2024-01-31,90,3,3,1,espn
E0-2324-2024-01-31-tottenham-brentford,E0,2324,2024-01-31,15,0,0,1,espn
E0-2324-2024-01-31-tottenham-brentford,E0,2324,2024-01-31,48,0,1,1,espn
E0-2324-2024-01-31-tottenham-brentford,E0,2324,2024-01-31,49,0,2,1,espn
E0-2324-2024-01-31-tottenham-brentford,E0,2324,2024-01-31,56,0,3,1,espn
E0-2324-2024-01-31-tottenham-brentford,E0,2324,2024-01-31,67,0,3,2,espn
E0-2324-2024-02-01-west-ham-bournemouth,E0,2324,2024-02-01,3,0,0,1,espn
E0-2324-2024-02-01-west-ham-bournemouth,E0,2324,2024-02-01,61,0,1,1,espn
E0-2324-2024-02-01-wolves-man-united,E0,2324,2024-02-01,5,0,0,1,espn
E0-2324-2024-02-01-wolves-man-united,E0,2324,2024-02-01,22,0,0,2,espn
E0-2324-2024-02-01-wolves-man-united,E0,2324,2024-02-01,71,0,1,2,espn
E0-2324-2024-02-01-wolves-man-united,E0,2324,2024-02-01,75,0,1,3,espn
E0-2324-2024-02-01-wolves-man-united,E0,2324,2024-02-01,85,0,2,3,espn
E0-2324-2024-02-01-wolves-man-united,E0,2324,2024-02-01,90,5,3,3,espn
E0-2324-2024-02-01-wolves-man-united,E0,2324,2024-02-01,90,7,3,4,espn
E0-2324-2024-02-03-brighton-crystal-palace,E0,2324,2024-02-03,3,0,1,0,espn
E0-2324-2024-02-03-brighton-crystal-palace,E0,2324,2024-02-03,33,0,2,0,espn
E0-2324-2024-02-03-brighton-crystal-palace,E0,2324,2024-02-03,34,0,3,0,espn
E0-2324-2024-02-03-brighton-crystal-palace,E0,2324,2024-02-03,71,0,3,1,espn
E0-2324-2024-02-03-brighton-crystal-palace,E0,2324,2024-02-03,85,0,4,1,espn
E0-2324-2024-02-03-burnley-fulham,E0,2324,2024-02-03,17,0,0,1,espn
E0-2324-2024-02-03-burnley-fulham,E0,2324,2024-02-03,21,0,0,2,espn
E0-2324-2024-02-03-burnley-fulham,E0,2324,2024-02-03,71,0,1,2,espn
E0-2324-2024-02-03-burnley-fulham,E0,2324,2024-02-03,90,1,2,2,espn
E0-2324-2024-02-03-everton-tottenham,E0,2324,2024-02-03,4,0,0,1,espn
E0-2324-2024-02-03-everton-tottenham,E0,2324,2024-02-03,30,0,1,1,espn
E0-2324-2024-02-03-everton-tottenham,E0,2324,2024-02-03,41,0,1,2,espn
E0-2324-2024-02-03-everton-tottenham,E0,2324,2024-02-03,90,4,2,2,espn
E0-2324-2024-02-03-newcastle-luton,E0,2324,2024-02-03,7,0,1,0,espn
E0-2324-2024-02-03-newcastle-luton,E0,2324,2024-02-03,21,0,1,1,espn
E0-2324-2024-02-03-newcastle-luton,E0,2324,2024-02-03,23,0,2,1,espn
E0-2324-2024-02-03-newcastle-luton,E0,2324,2024-02-03,40,0,2,2,espn
E0-2324-2024-02-03-newcastle-luton,E0,2324,2024-02-03,59,0,2,3,espn
E0-2324-2024-02-03-newcastle-luton,E0,2324,2024-02-03,62,0,2,4,espn
E0-2324-2024-02-03-newcastle-luton,E0,2324,2024-02-03,67,0,3,4,espn
E0-2324-2024-02-03-newcastle-luton,E0,2324,2024-02-03,73,0,4,4,espn
E0-2324-2024-02-03-sheffield-united-aston-villa,E0,2324,2024-02-03,12,0,0,1,espn
E0-2324-2024-02-03-sheffield-united-aston-villa,E0,2324,2024-02-03,16,0,0,2,espn
E0-2324-2024-02-03-sheffield-united-aston-villa,E0,2324,2024-02-03,20,0,0,3,espn
E0-2324-2024-02-03-sheffield-united-aston-villa,E0,2324,2024-02-03,30,0,0,4,espn
E0-2324-2024-02-03-sheffield-united-aston-villa,E0,2324,2024-02-03,47,0,0,5,espn
E0-2324-2024-02-04-chelsea-wolves,E0,2324,2024-02-04,19,0,1,0,espn
E0-2324-2024-02-04-chelsea-wolves,E0,2324,2024-02-04,22,0,1,1,espn
E0-2324-2024-02-04-chelsea-wolves,E0,2324,2024-02-04,43,0,1,2,espn
E0-2324-2024-02-04-chelsea-wolves,E0,2324,2024-02-04,63,0,1,3,espn
E0-2324-2024-02-04-chelsea-wolves,E0,2324,2024-02-04,82,0,1,4,espn
E0-2324-2024-02-04-chelsea-wolves,E0,2324,2024-02-04,86,0,2,4,espn
E0-2324-2024-02-04-man-united-west-ham,E0,2324,2024-02-04,23,0,1,0,espn
E0-2324-2024-02-04-man-united-west-ham,E0,2324,2024-02-04,49,0,2,0,espn
E0-2324-2024-02-04-man-united-west-ham,E0,2324,2024-02-04,84,0,3,0,espn
E0-2324-2024-02-05-brentford-man-city,E0,2324,2024-02-05,21,0,1,0,espn
E0-2324-2024-02-05-brentford-man-city,E0,2324,2024-02-05,45,3,1,1,espn
E0-2324-2024-02-05-brentford-man-city,E0,2324,2024-02-05,53,0,1,2,espn
E0-2324-2024-02-05-brentford-man-city,E0,2324,2024-02-05,70,0,1,3,espn
E0-2324-2024-02-10-fulham-bournemouth,E0,2324,2024-02-10,6,0,1,0,espn
E0-2324-2024-02-10-fulham-bournemouth,E0,2324,2024-02-10,36,0,2,0,espn
E0-2324-2024-02-10-fulham-bournemouth,E0,2324,2024-02-10,50,0,2,1,espn
E0-2324-2024-02-10-fulham-bournemouth,E0,2324,2024-02-10,52,0,3,1,espn
E0-2324-2024-02-10-liverpool-burnley,E0,2324,2024-02-10,31,0,1,0,espn
E0-2324-2024-02-10-liverpool-burnley,E0,2324,2024-02-10,45,0,1,1,espn
E0-2324-2024-02-10-liverpool-burnley,E0,2324,2024-02-10,52,0,2,1,espn
E0-2324-2024-02-10-liverpool-burnley,E0,2324,2024-02-10,79,0,3,1,espn
E0-2324-2024-02-10-luton-sheffield-united,E0,2324,2024-02-10,30,0,0,1,espn
E0-2324-2024-02-10-luton-sheffield-united,E0,2324,2024-02-10,36,0,0,2,espn
E0-2324-2024-02-10-luton-sheffield-united,E0,2324,2024-02-10,52,0,1,2,espn
E0-2324-2024-02-10-luton-sheffield-united,E0,2324,2024-02-10,72,0,1,3,espn
E0-2324-2024-02-10-man-city-everton,E0,2324,2024-02-10,71,0,1,0,espn
E0-2324-2024-02-10-man-city-everton,E0,2324,2024-02-10,85,0,2,0,espn
E0-2324-2024-02-10-nott-m-forest-newcastle,E0,2324,2024-02-10,10,0,0,1,espn
E0-2324-2024-02-10-nott-m-forest-newcastle,E0,2324,2024-02-10,26,0,1,1,espn
E0-2324-2024-02-10-nott-m-forest-newcastle,E0,2324,2024-02-10,43,0,1,2,espn
E0-2324-2024-02-10-nott-m-forest-newcastle,E0,2324,2024-02-10,45,6,2,2,espn
E0-2324-2024-02-10-nott-m-forest-newcastle,E0,2324,2024-02-10,66,0,2,3,espn
E0-2324-2024-02-10-tottenham-brighton,E0,2324,2024-02-10,17,0,0,1,espn
E0-2324-2024-02-10-tottenham-brighton,E0,2324,2024-02-10,61,0,1,1,espn
E0-2324-2024-02-10-tottenham-brighton,E0,2324,2024-02-10,90,6,2,1,espn
E0-2324-2024-02-10-wolves-brentford,E0,2324,2024-02-10,35,0,0,1,espn
E0-2324-2024-02-10-wolves-brentford,E0,2324,2024-02-10,77,0,0,2,espn
E0-2324-2024-02-11-aston-villa-man-united,E0,2324,2024-02-11,17,0,0,1,espn
E0-2324-2024-02-11-aston-villa-man-united,E0,2324,2024-02-11,67,0,1,1,espn
E0-2324-2024-02-11-aston-villa-man-united,E0,2324,2024-02-11,86,0,1,2,espn
E0-2324-2024-02-11-west-ham-arsenal,E0,2324,2024-02-11,32,0,0,1,espn
E0-2324-2024-02-11-west-ham-arsenal,E0,2324,2024-02-11,41,0,0,2,espn
E0-2324-2024-02-11-west-ham-arsenal,E0,2324,2024-02-11,44,0,0,3,espn
E0-2324-2024-02-11-west-ham-arsenal,E0,2324,2024-02-11,45,2,0,4,espn
E0-2324-2024-02-11-west-ham-arsenal,E0,2324,2024-02-11,63,0,0,5,espn
E0-2324-2024-02-11-west-ham-arsenal,E0,2324,2024-02-11,65,0,0,6,espn
E0-2324-2024-02-12-crystal-palace-chelsea,E0,2324,2024-02-12,30,0,1,0,espn
E0-2324-2024-02-12-crystal-palace-chelsea,E0,2324,2024-02-12,47,0,1,1,espn
E0-2324-2024-02-12-crystal-palace-chelsea,E0,2324,2024-02-12,90,1,1,2,espn
E0-2324-2024-02-12-crystal-palace-chelsea,E0,2324,2024-02-12,90,4,1,3,espn
E0-2324-2024-02-17-brentford-liverpool,E0,2324,2024-02-17,35,0,0,1,espn
E0-2324-2024-02-17-brentford-liverpool,E0,2324,2024-02-17,55,0,0,2,espn
E0-2324-2024-02-17-brentford-liverpool,E0,2324,2024-02-17,68,0,0,3,espn
E0-2324-2024-02-17-brentford-liverpool,E0,2324,2024-02-17,75,0,1,3,espn
E0-2324-2024-02-17-brentford-liverpool,E0,2324,2024-02-17,86,0,1,4,espn
E0-2324-2024-02-17-burnley-arsenal,E0,2324,2024-02-17,4,0,0,1,espn
E0-2324-2024-02-17-burnley-arsenal,E0,2324,2024-02-17,41,0,0,2,espn
E0-2324-2024-02-17-burnley-arsenal,E0,2324,2024-02-17,47,0,0,3,espn
E0-2324-2024-02-17-burnley-arsenal,E0,2324,2024-02-17,66,0,0,4,espn
E0-2324-2024-02-17-burnley-arsenal,E0,2324,2024-02-17,78,0,0,5,espn
E0-2324-2024-02-17-fulham-aston-villa,E0,2324,2024-02-17,23,0,0,1,espn
E0-2324-2024-02-17-fulham-aston-villa,E0,2324,2024-02-17,56,0,0,2,espn
E0-2324-2024-02-17-fulham-aston-villa,E0,2324,2024-02-17,63,0,1,2,espn
E0-2324-2024-02-17-man-city-chelsea,E0,2324,2024-02-17,42,0,0,1,espn
E0-2324-2024-02-17-man-city-chelsea,E0,2324,2024-02-17,83,0,1,1,espn
E0-2324-2024-02-17-newcastle-bournemouth,E0,2324,2024-02-17,51,0,0,1,espn
E0-2324-2024-02-17-newcastle-bournemouth,E0,2324,2024-02-17,58,0,1,1,espn
E0-2324-2024-02-17-newcastle-bournemouth,E0,2324,2024-02-17,69,0,1,2,espn
E0-2324-2024-02-17-newcastle-bournemouth,E0,2324,2024-02-17,90,2,2,2,espn
E0-2324-2024-02-17-tottenham-wolves,E0,2324,2024-02-17,42,0,0,1,espn
E0-2324-2024-02-17-tottenham-wolves,E0,2324,2024-02-17,46,0,1,1,espn
E0-2324-2024-02-17-tottenham-wolves,E0,2324,2024-02-17,63,0,1,2,espn
E0-2324-2024-02-18-luton-man-united,E0,2324,2024-02-18,1,0,0,1,espn
E0-2324-2024-02-18-luton-man-united,E0,2324,2024-02-18,7,0,0,2,espn
E0-2324-2024-02-18-luton-man-united,E0,2324,2024-02-18,14,0,1,2,espn
E0-2324-2024-02-19-everton-crystal-palace,E0,2324,2024-02-19,66,0,0,1,espn
E0-2324-2024-02-19-everton-crystal-palace,E0,2324,2024-02-19,84,0,1,1,espn
E0-2324-2024-02-20-man-city-brentford,E0,2324,2024-02-20,71,0,1,0,espn
E0-2324-2024-02-21-liverpool-luton,E0,2324,2024-02-21,12,0,0,1,espn
E0-2324-2024-02-21-liverpool-luton,E0,2324,2024-02-21,56,0,1,1,espn
E0-2324-2024-02-21-liverpool-luton,E0,2324,2024-02-21,58,0,2,1,espn
E0-2324-2024-02-21-liverpool-luton,E0,2324,2024-02-21,71,0,3,1,espn
E0-2324-2024-02-21-liverpool-luton,E0,2324,2024-02-21,90,0,4,1,espn
E0-2324-2024-02-24-arsenal-newcastle,E0,2324,2024-02-24,18,0,1,0,espn
E0-2324-2024-02-24-arsenal-newcastle,E0,2324,2024-02-24,24,0,2,0,espn
E0-2324-2024-02-24-arsenal-newcastle,E0,2324,2024-02-24,65,0,3,0,espn
E0-2324-2024-02-24-arsenal-newcastle,E0,2324,2024-02-24,69,0,4,0,espn
E0-2324-2024-02-24-arsenal-newcastle,E0,2324,2024-02-24,84,0,4,1,espn
E0-2324-2024-02-24-aston-villa-nott-m-forest,E0,2324,2024-02-24,4,0,1,0,espn
E0-2324-2024-02-24-aston-villa-nott-m-forest,E0,2324,2024-02-24,29,0,2,0,espn
E0-2324-2024-02-24-aston-villa-nott-m-forest,E0,2324,2024-02-24,39,0,3,0,espn
E0-2324-2024-02-24-aston-villa-nott-m-forest,E0,2324,2024-02-24,45,5,3,1,espn
E0-2324-2024-02-24-aston-villa-nott-m-forest,E0,2324,2024-02-24,48,0,3,1,espn
E0-2324-2024-02-24-aston-villa-nott-m-forest,E0,2324,2024-02-24,61,0,4,2,espn
E0-2324-2024-02-24-bournemouth-man-city,E0,2324,2024-02-24,24,0,0,1,espn
E0-2324-2024-02-24-man-united-fulham,E0,2324,2024-02-24,65,0,0,1,espn
E0-2324-2024-02-24-man-united-fulham,E0,2324,2024-02-24,89,0,1,1,espn
E0-2324-2024-02-24-man-united-fulham,E0,2324,2024-02-24,90,7,1,2,espn
E0-2324-2024-02-25-wolves-sheffield-united,E0,2324,2024-02-25,30,0,1,0,espn
E0-2324-2024-02-26-west-ham-brentford,E0,2324,2024-02-26,5,0,1,0,espn
E0-2324-2024-02-26-west-ham-brentford,E0,2324,2024-02-26,7,0,2,0,espn
E0-2324-2024-02-26-west-ham-brentford,E0,2324,2024-02-26,13,0,2,1,espn
E0-2324-2024-02-26-west-ham-brentford,E0,2324,2024-02-26,63,0,3,1,espn
E0-2324-2024-02-26-west-ham-brentford,E0,2324,2024-02-26,69,0,4,1,espn
E0-2324-2024-02-26-west-ham-brentford,E0,2324,2024-02-26,82,0,4,2,espn
E0-2324-2024-03-02-brentford-chelsea,E0,2324,2024-03-02,35,0,0,1,espn
E0-2324-2024-03-02-brentford-chelsea,E0,2324,2024-03-02,50,0,1,1,espn
E0-2324-2024-03-02-brentford-chelsea,E0,2324,2024-03-02,69,0,2,1,espn
E0-2324-2024-03-02-brentford-chelsea,E0,2324,2024-03-02,83,0,2,2,espn
E0-2324-2024-03-02-everton-west-ham,E0,2324,2024-03-02,56,0,1,0,espn
E0-2324-2024-03-02-everton-west-ham,E0,2324,2024-03-02,62,0,1,1,espn
E0-2324-2024-03-02-everton-west-ham,E0,2324,2024-03-02,90,1,1,2,espn
E0-2324-2024-03-02-everton-west-ham,E0,2324,2024-03-02,90,5,1,3,espn
E0-2324-2024-03-02-fulham-brighton,E0,2324,2024-03-02,21,0,1,0,espn
E0-2324-2024-03-02-fulham-brighton,E0,2324,2024-03-02,32,0,2,0,espn
E0-2324-2024-03-02-fulham-brighton,E0,2324,2024-03-02,90,1,3,0,espn
E0-2324-2024-03-02-luton-aston-villa,E0,2324,2024-03-02,24,0,0,1,espn
E0-2324-2024-03-02-luton-aston-villa,E0,2324,2024-03-02,38,0,0,2,espn
E0-2324-2024-03-02-luton-aston-villa,E0,2324,2024-03-02,66,0,1,2,espn
E0-2324-2024-03-02-luton-aston-villa,E0,2324,2024-03-02,72,0,2,2,espn
E0-2324-2024-03-02-luton-aston-villa,E0,2324,2024-03-02,89,0,2,3,espn
E0-2324-2024-03-02-newcastle-wolves,E0,2324,2024-03-02,14,0,1,0,espn
E0-2324-2024-03-02-newcastle-wolves,E0,2324,2024-03-02,33,0,2,0,espn
E0-2324-2024-03-02-newcastle-wolves,E0,2324,2024-03-02,90,2,3,0,espn
E0-2324-2024-03-02-nott-m-forest-liverpool,E0,2324,2024-03-02,90,9,0,1,espn
E0-2324-2024-03-02-tottenham-crystal-palace,E0,2324,2024-03-02,59,0,0,1,espn
E0-2324-2024-03-02-tottenham-crystal-palace,E0,2324,2024-03-02,77,0,1,1,espn
E0-2324-2024-03-02-tottenham-crystal-palace,E0,2324,2024-03-02,80,0,2,1,espn
E0-2324-2024-03-02-tottenham-crystal-palace,E0,2324,2024-03-02,88,0,3,1,espn
E0-2324-2024-03-03-burnley-bournemouth,E0,2324,2024-03-03,13,0,0,1,espn
E0-2324-2024-03-03-burnley-bournemouth,E0,2324,2024-03-03,88,0,0,2,espn
E0-2324-2024-03-03-man-city-man-united,E0,2324,2024-03-03,8,0,0,1,espn
E0-2324-2024-03-03-man-city-man-united,E0,2324,2024-03-03,56,0,1,1,espn
E0-2324-2024-03-03-man-city-man-united,E0,2324,2024-03-03,80,0,2,1,espn
E0-2324-2024-03-03-man-city-man-united,E0,2324,2024-03-03,90,1,3,1,espn
E0-2324-2024-03-04-sheffield-united-arsenal,E0,2324,2024-03-04,5,0,0,1,espn
E0-2324-2024-03-04-sheffield-united-arsenal,E0,2324,2024-03-04,13,0,0,2,espn
E0-2324-2024-03-04-sheffield-united-arsenal,E0,2324,2024-03-04,15,0,0,3,espn
E0-2324-2024-03-04-sheffield-united-arsenal,E0,2324,2024-03-04,25,0,0,4,espn
E0-2324-2024-03-04-sheffield-united-arsenal,E0,2324,2024-03-04,39,0,0,5,espn
E0-2324-2024-03-04-sheffield-united-arsenal,E0,2324,2024-03-04,58,0,0,6,espn
E0-2324-2024-03-09-arsenal-brentford,E0,2324,2024-03-09,19,0,1,0,espn
E0-2324-2024-03-09-arsenal-brentford,E0,2324,2024-03-09,45,4,1,1,espn
E0-2324-2024-03-09-arsenal-brentford,E0,2324,2024-03-09,86,0,2,1,espn
E0-2324-2024-03-09-bournemouth-sheffield-united,E0,2324,2024-03-09,27,0,0,1,espn
E0-2324-2024-03-09-bournemouth-sheffield-united,E0,2324,2024-03-09,64,0,0,2,espn
E0-2324-2024-03-09-bournemouth-sheffield-united,E0,2324,2024-03-09,74,0,1,2,espn
E0-2324-2024-03-09-bournemouth-sheffield-united,E0,2324,2024-03-09,90,1,2,2,espn
E0-2324-2024-03-09-crystal-palace-luton,E0,2324,2024-03-09,11,0,1,0,espn
E0-2324-2024-03-09-crystal-palace-luton,E0,2324,2024-03-09,90,6,1,1,espn
E0-2324-2024-03-09-man-united-everton,E0,2324,2024-03-09,12,0,1,0,espn
E0-2324-2024-03-09-man-united-everton,E0,2324,2024-03-09,36,0,2,0,espn
E0-2324-2024-03-09-wolves-fulham,E0,2324,2024-03-09,52,0,1,0,espn
E0-2324-2024-03-09-wolves-fulham,E0,2324,2024-03-09,67,0,2,0,espn
E0-2324-2024-03-09-wolves-fulham,E0,2324,2024-03-09,90,8,2,1,espn
E0-2324-2024-03-10-brighton-nott-m-forest,E0,2324,2024-03-10,29,0,1,0,espn
E0-2324-2024-03-10-liverpool-man-city,E0,2324,2024-03-10,23,0,0,1,espn
E0-2324-2024-03-10-liverpool-man-city,E0,2324,2024-03-10,50,0,1,1,espn
E0-2324-2024-03-10-west-ham-burnley,E0,2324,2024-03-10,11,0,0,1,espn
E0-2324-2024-03-10-west-ham-burnley,E0,2324,2024-03-10,45,1,0,2,espn
E0-2324-2024-03-10-west-ham-burnley,E0,2324,2024-03-10,46,0,1,1,espn
E0-2324-2024-03-10-west-ham-burnley,E0,2324,2024-03-10,90,1,2,2,espn
E0-2324-2024-03-11-chelsea-newcastle,E0,2324,2024-03-11,6,0,1,0,espn
E0-2324-2024-03-11-chelsea-newcastle,E0,2324,2024-03-11,43,0,1,1,espn
E0-2324-2024-03-11-chelsea-newcastle,E0,2324,2024-03-11,57,0,2,1,espn
E0-2324-2024-03-11-chelsea-newcastle,E0,2324,2024-03-11,76,0,3,1,espn
E0-2324-2024-03-11-chelsea-newcastle,E0,2324,2024-03-11,90,0,3,2,espn
E0-2324-2024-03-13-bournemouth-luton,E0,2324,2024-03-13,9,0,0,1,espn
E0-2324-2024-03-13-bournemouth-luton,E0,2324,2024-03-13,31,0,0,2,espn
E0-2324-2024-03-13-bournemouth-luton,E0,2324,2024-03-13,45,1,0,3,espn
E0-2324-2024-03-13-bournemouth-luton,E0,2324,2024-03-13,50,0,1,3,espn
E0-2324-2024-03-13-bournemouth-luton,E0,2324,2024-03-13,62,0,2,3,espn
E0-2324-2024-03-13-bournemouth-luton,E0,2324,2024-03-13,64,0,3,3,espn
E0-2324-2024-03-13-bournemouth-luton,E0,2324,2024-03-13,83,0,4,3,espn
E0-2324-2024-03-16-fulham-tottenham,E0,2324,2024-03-16,42,0,1,0,espn
E0-2324-2024-03-16-fulham-tottenham,E0,2324,2024-03-16,49,0,2,0,espn
E0-2324-2024-03-16-fulham-tottenham,E0,2324,2024-03-16,61,0,3,0,espn
E0-2324-2024-03-16-luton-nott-m-forest,E0,2324,2024-03-16,34,0,0,1,espn
E0-2324-2024-03-16-luton-nott-m-forest,E0,2324,2024-03-16,89,0,1,1,espn
E0-2324-2024-03-17-west-ham-aston-villa,E0,2324,2024-03-17,29,0,1,0,espn
E0-2324-2024-03-17-west-ham-aston-villa,E0,2324,2024-03-17,79,0,1,1,espn
E0-2324-2024-03-30-aston-villa-wolves,E0,2324,2024-03-30,36,0,1,0,espn
E0-2324-2024-03-30-aston-villa-wolves,E0,2324,2024-03-30,65,0,2,0,espn
E0-2324-2024-03-30-bournemouth-everton,E0,2324,2024-03-30,64,0,1,0,espn
E0-2324-2024-03-30-bournemouth-everton,E0,2324,2024-03-30,87,0,1,1,espn
E0-2324-2024-03-30-bournemouth-everton,E0,2324,2024-03-30,90,1,2,1,espn
E0-2324-2024-03-30-brentford-man-united,E0,2324,2024-03-30,90,6,0,1,espn
E0-2324-2024-03-30-brentford-man-united,E0,2324,2024-03-30,90,9,1,1,espn
E0-2324-2024-03-30-nott-m-forest-crystal-palace,E0,2324,2024-03-30,11,0,0,1,espn
E0-2324-2024-03-30-nott-m-forest-crystal-palace,E0,2324,2024-03-30,61,0,1,1,espn
E0-2324-2024-03-30-sheffield-united-fulham,E0,2324,2024-03-30,58,0,1,0,espn
E0-2324-2024-03-30-sheffield-united-fulham,E0,2324,2024-03-30,62,0,1,1,espn
E0-2324-2024-03-30-sheffield-united-fulham,E0,2324,2024-03-30,68,0,2,1,espn
E0-2324-2024-03-30-sheffield-united-fulham,E0,2324,2024-03-30,70,0,3,1,espn
E0-2324-2024-03-30-sheffield-united-fulham,E0,2324,2024-03-30,86,0,3,2,espn
E0-2324-2024-03-30-sheffield-united-fulham,E0,2324,2024-03-30,90,3,3,3,espn
E0-2324-2024-03-30-tottenham-luton,E0,2324,2024-03-30,3,0,0,1,espn
E0-2324-2024-03-30-tottenham-luton,E0,2324,2024-03-30,51,0,1,1,espn
E0-2324-2024-03-30-tottenham-luton,E0,2324,2024-03-30,86,0,2,1,espn
E0-2324-2024-03-31-liverpool-brighton,E0,2324,2024-03-31,2,0,0,1,espn
E0-2324-2024-03-31-liverpool-brighton,E0,2324,2024-03-31,27,0,1,1,espn
E0-2324-2024-03-31-liverpool-brighton,E0,2324,2024-03-31,65,0,2,1,espn
E0-2324-2024-04-02-bournemouth-crystal-palace,E0,2324,2024-04-02,79,0,1,0,espn
E0-2324-2024-04-02-burnley-wolves,E0,2324,2024-04-02,37,0,1,0,espn
E0-2324-2024-04-02-burnley-wolves,E0,2324,2024-04-02,45,3,1,1,espn
E0-2324-2024-04-02-newcastle-everton,E0,2324,2024-04-02,15,0,1,0,espn
E0-2324-2024-04-02-newcastle-everton,E0,2324,2024-04-02,88,0,1,1,espn
E0-2324-2024-04-02-nott-m-forest-fulham,E0,2324,2024-04-02,9,0,1,0,espn
E0-2324-2024-04-02-nott-m-forest-fulham,E0,2324,2024-04-02,19,0,2,0,espn
E0-2324-2024-04-02-nott-m-forest-fulham,E0,2324,2024-04-02,45,3,3,0,espn
E0-2324-2024-04-02-nott-m-forest-fulham,E0,2324,2024-04-02,49,0,3,1,espn
E0-2324-2024-04-02-west-ham-tottenham,E0,2324,2024-04-02,5,0,0,1,espn
E0-2324-2024-04-02-west-ham-tottenham,E0,2324,2024-04-02,19,0,1,1,espn
E0-2324-2024-04-03-arsenal-luton,E0,2324,2024-04-03,24,0,1,0,espn
E0-2324-2024-04-03-arsenal-luton,E0,2324,2024-04-03,44,0,2,0,espn
E0-2324-2024-04-03-man-city-aston-villa,E0,2324,2024-04-03,11,0,1,0,espn
E0-2324-2024-04-03-man-city-aston-villa,E0,2324,2024-04-03,20,0,1,1,espn
E0-2324-2024-04-03-man-city-aston-villa,E0,2324,2024-04-03,45,1,2,1,espn
E0-2324-2024-04-03-man-city-aston-villa,E0,2324,2024-04-03,62,0,3,1,espn
E0-2324-2024-04-03-man-city-aston-villa,E0,2324,2024-04-03,69,0,4,1,espn
E0-2324-2024-04-04-chelsea-man-united,E0,2324,2024-04-04,4,0,1,0,espn
E0-2324-2024-04-04-chelsea-man-united,E0,2324,2024-04-04,19,0,2,0,espn
E0-2324-2024-04-04-chelsea-man-united,E0,2324,2024-04-04,34,0,2,1,espn
E0-2324-2024-04-04-chelsea-man-united,E0,2324,2024-04-04,39,0,2,2,espn
E0-2324-2024-04-04-chelsea-man-united,E0,2324,2024-04-04,67,0,2,3,espn
E0-2324-2024-04-04-chelsea-man-united,E0,2324,2024-04-04,90,10,3,3,espn
E0-2324-2024-04-04-chelsea-man-united,E0,2324,2024-04-04,90,11,4,3,espn
E0-2324-2024-04-04-liverpool-sheffield-united,E0,2324,2024-04-04,17,0,1,0,espn
E0-2324-2024-04-04-liverpool-sheffield-united,E0,2324,2024-04-04,58,0,1,1,espn
E0-2324-2024-04-04-liverpool-sheffield-united,E0,2324,2024-04-04,76,0,2,1,espn
E0-2324-2024-04-04-liverpool-sheffield-united,E0,2324,2024-04-04,90,0,3,1,espn
E0-2324-2024-04-06-aston-villa-brentford,E0,2324,2024-04-06,38,0,1,0,espn
E0-2324-2024-04-06-aston-villa-brentford,E0,2324,2024-04-06,46,0,2,0,espn
E0-2324-2024-04-06-aston-villa-brentford,E0,2324,2024-04-06,59,0,2,1,espn
E0-2324-2024-04-06-aston-villa-brentford,E0,2324,2024-04-06,61,0,2,2,espn
E0-2324-2024-04-06-aston-villa-brentford,E0,2324,2024-04-06,68,0,2,3,espn
E0-2324-2024-04-06-aston-villa-brentford,E0,2324,2024-04-06,80,0,3,3,espn
E0-2324-2024-04-06-brighton-arsenal,E0,2324,2024-04-06,33,0,0,1,espn
E0-2324-2024-04-06-brighton-arsenal,E0,2324,2024-04-06,62,0,0,2,espn
E0-2324-2024-04-06-brighton-arsenal,E0,2324,2024-04-06,86,0,0,3,espn
E0-2324-2024-04-06-crystal-palace-man-city,E0,2324,2024-04-06,4,0,1,0,espn
E0-2324-2024-04-06-crystal-palace-man-city,E0,2324,2024-04-06,13,0,1,1,espn
E0-2324-2024-04-06-crystal-palace-man-city,E0,2324,2024-04-06,47,0,1,2,espn
E0-2324-2024-04-06-crystal-palace-man-city,E0,2324,2024-04-06,66,0,1,3,espn
E0-2324-2024-04-06-crystal-palace-man-city,E0,2324,2024-04-06,70,0,1,4,espn
E0-2324-2024-04-06-crystal-palace-man-city,E0,2324,2024-04-06,86,0,2,4,espn
E0-2324-2024-04-06-fulham-newcastle,E0,2324,2024-04-06,81,0,0,1,espn
E0-2324-2024-04-06-luton-bournemouth,E0,2324,2024-04-06,52,0,0,1,espn
E0-2324-2024-04-06-luton-bournemouth,E0,2324,2024-04-06,73,0,1,1,espn
E0-2324-2024-04-06-luton-bournemouth,E0,2324,2024-04-06,90,0,2,1,espn
E0-2324-2024-04-06-wolves-west-ham,E0,2324,2024-04-06,33,0,1,0,espn
E0-2324-2024-04-06-wolves-west-ham,E0,2324,2024-04-06,73,0,1,1,espn
E0-2324-2024-04-06-wolves-west-ham,E0,2324,2024-04-06,84,0,1,2,espn
E0-2324-2024-04-07-man-united-liverpool,E0,2324,2024-04-07,23,0,0,1,espn
E0-2324-2024-04-07-man-united-liverpool,E0,2324,2024-04-07,50,0,1,1,espn
E0-2324-2024-04-07-man-united-liverpool,E0,2324,2024-04-07,67,0,2,1,espn
E0-2324-2024-04-07-man-united-liverpool,E0,2324,2024-04-07,84,0,2,2,espn
E0-2324-2024-04-07-sheffield-united-chelsea,E0,2324,2024-04-07,11,0,0,1,espn
E0-2324-2024-04-07-sheffield-united-chelsea,E0,2324,2024-04-07,32,0,1,1,espn
E0-2324-2024-04-07-sheffield-united-chelsea,E0,2324,2024-04-07,66,0,1,2,espn
E0-2324-2024-04-07-sheffield-united-chelsea,E0,2324,2024-04-07,90,3,2,2,espn
E0-2324-2024-04-07-tottenham-nott-m-forest,E0,2324,2024-04-07,15,0,1,0,espn
E0-2324-2024-04-07-tottenham-nott-m-forest,E0,2324,2024-04-07,27,0,1,1,espn
E0-2324-2024-04-07-tottenham-nott-m-forest,E0,2324,2024-04-07,52,0,2,1,espn
E0-2324-2024-04-07-tottenham-nott-m-forest,E0,2324,2024-04-07,58,0,3,1,espn
E0-2324-2024-04-13-bournemouth-man-united,E0,2324,2024-04-13,16,0,1,0,espn
E0-2324-2024-04-13-bournemouth-man-united,E0,2324,2024-04-13,31,0,1,1,espn
E0-2324-2024-04-13-bournemouth-man-united,E0,2324,2024-04-13,36,0,2,1,espn
E0-2324-2024-04-13-bournemouth-man-united,E0,2324,2024-04-13,65,0,2,2,espn
E0-2324-2024-04-13-brentford-sheffield-united,E0,2324,2024-04-13,63,0,1,0,espn
E0-2324-2024-04-13-brentford-sheffield-united,E0,2324,2024-04-13,90,3,2,0,espn
E0-2324-2024-04-13-burnley-brighton,E0,2324,2024-04-13,74,0,1,0,espn
E0-2324-2024-04-13-burnley-brighton,E0,2324,2024-04-13,79,0,1,1,espn
E0-2324-2024-04-13-man-city-luton,E0,2324,2024-04-13,2,0,1,0,espn
E0-2324-2024-04-13-man-city-luton,E0,2324,2024-04-13,64,0,2,0,espn
E0-2324-2024-04-13-man-city-luton,E0,2324,2024-04-13,76,0,3,0,espn
E0-2324-2024-04-13-man-city-luton,E0,2324,2024-04-13,81,0,3,1,espn
E0-2324-2024-04-13-man-city-luton,E0,2324,2024-04-13,87,0,4,1,espn
E0-2324-2024-04-13-man-city-luton,E0,2324,2024-04-13,90,3,5,1,espn
E0-2324-2024-04-13-newcastle-tottenham,E0,2324,2024-04-13,30,0,1,0,espn
E0-2324-2024-04-13-newcastle-tottenham,E0,2324,2024-04-13,32,0,2,0,espn
E0-2324-2024-04-13-newcastle-tottenham,E0,2324,2024-04-13,51,0,3,0,espn
E0-2324-2024-04-13-newcastle-tottenham,E0,2324,2024-04-13,87,0,4,0,espn
E0-2324-2024-04-13-nott-m-forest-wolves,E0,2324,2024-04-13,40,0,0,1,espn
E0-2324-2024-04-13-nott-m-forest-wolves,E0,2324,2024-04-13,45,1,1,1,espn
E0-2324-2024-04-13-nott-m-forest-wolves,E0,2324,2024-04-13,57,0,2,1,espn
E0-2324-2024-04-13-nott-m-forest-wolves,E0,2324,2024-04-13,62,0,2,2,espn
E0-2324-2024-04-14-arsenal-aston-villa,E0,2324,2024-04-14,84,0,0,1,espn
E0-2324-2024-04-14-arsenal-aston-villa,E0,2324,2024-04-14,87,0,0,2,espn
E0-2324-2024-04-14-liverpool-crystal-palace,E0,2324,2024-04-14,14,0,0,1,espn
E0-2324-2024-04-14-west-ham-fulham,E0,2324,2024-04-14,9,0,0,1,espn
E0-2324-2024-04-14-west-ham-fulham,E0,2324,2024-04-14,72,0,0,2,espn
E0-2324-2024-04-15-chelsea-everton,E0,2324,2024-04-15,13,0,1,0,espn
E0-2324-2024-04-15-chelsea-everton,E0,2324,2024-04-15,18,0,2,0,espn
E0-2324-2024-04-15-chelsea-everton,E0,2324,2024-04-15,29,0,3,0,espn
E0-2324-2024-04-15-chelsea-everton,E0,2324,2024-04-15,44,0,4,0,espn
E0-2324-2024-04-15-chelsea-everton,E0,2324,2024-04-15,64,0,5,0,espn
E0-2324-2024-04-15-chelsea-everton,E0,2324,2024-04-15,90,0,6,0,espn
E0-2324-2024-04-20-luton-brentford,E0,2324,2024-04-20,24,0,0,1,espn
E0-2324-2024-04-20-luton-brentford,E0,2324,2024-04-20,45,1,0,2,espn
E0-2324-2024-04-20-luton-brentford,E0,2324,2024-04-20,62,0,0,3,espn
E0-2324-2024-04-20-luton-brentford,E0,2324,2024-04-20,64,0,0,4,espn
E0-2324-2024-04-20-luton-brentford,E0,2324,2024-04-20,86,0,0,5,espn
E0-2324-2024-04-20-luton-brentford,E0,2324,2024-04-20,90,2,1,5,espn
E0-2324-2024-04-20-sheffield-united-burnley,E0,2324,2024-04-20,38,0,0,1,espn
E0-2324-2024-04-20-sheffield-united-burnley,E0,2324,2024-04-20,40,0,0,2,espn
E0-2324-2024-04-20-sheffield-united-burnley,E0,2324,2024-04-20,52,0,1,2,espn
E0-2324-2024-04-20-sheffield-united-burnley,E0,2324,2024-04-20,58,0,1,3,espn
E0-2324-2024-04-20-sheffield-united-burnley,E0,2324,2024-04-20,71,0,1,4,espn
E0-2324-2024-04-20-wolves-arsenal,E0,2324,2024-04-20,45,0,0,1,espn
E0-2324-2024-04-20-wolves-arsenal,E0,2324,2024-04-20,90,5,0,2,espn
E0-2324-2024-04-21-aston-villa-bournemouth,E0,2324,2024-04-21,31,0,0,1,espn
E0-2324-2024-04-21-aston-villa-bournemouth,E0,2324,2024-04-21,45,1,1,1,espn
E0-2324-2024-04-21-aston-villa-bournemouth,E0,2324,2024-04-21,57,0,2,1,espn
E0-2324-2024-04-21-aston-villa-bournemouth,E0,2324,2024-04-21,78,0,3,1,espn
E0-2324-2024-04-21-crystal-palace-west-ham,E0,2324,2024-04-21,7,0,1,0,espn
E0-2324-2024-04-21-crystal-palace-west-ham,E0,2324,2024-04-21,16,0,2,0,espn
E0-2324-2024-04-21-crystal-palace-west-ham,E0,2324,2024-04-21,20,0,3,0,espn
E0-2324-2024-04-21-crystal-palace-west-ham,E0,2324,2024-04-21,31,0,4,0,espn
E0-2324-2024-04-21-crystal-palace-west-ham,E0,2324,2024-04-21,40,0,4,1,espn
E0-2324-2024-04-21-crystal-palace-west-ham,E0,2324,2024-04-21,64,0,5,1,espn
E0-2324-2024-04-21-crystal-palace-west-ham,E0,2324,2024-04-21,89,0,5,2,espn
E0-2324-2024-04-21-everton-nott-m-forest,E0,2324,2024-04-21,29,0,1,0,espn
E0-2324-2024-04-21-everton-nott-m-forest,E0,2324,2024-04-21,76,0,2,0,espn
E0-2324-2024-04-21-fulham-liverpool,E0,2324,2024-04-21,32,0,0,1,espn
E0-2324-2024-04-21-fulham-liverpool,E0,2324,2024-04-21,45,2,1,1,espn
E0-2324-2024-04-21-fulham-liverpool,E0,2324,2024-04-21,53,0,1,2,espn
E0-2324-2024-04-21-fulham-liverpool,E0,2324,2024-04-21,72,0,1,3,espn
E0-2324-2024-04-23-arsenal-chelsea,E0,2324,2024-04-23,4,0,1,0,espn
E0-2324-2024-04-23-arsenal-chelsea,E0,2324,2024-04-23,52,0,2,0,espn
E0-2324-2024-04-23-arsenal-chelsea,E0,2324,2024-04-23,57,0,3,0,espn
E0-2324-2024-04-23-arsenal-chelsea,E0,2324,2024-04-23,65,0,4,0,espn
E0-2324-2024-04-23-arsenal-chelsea,E0,2324,2024-04-23,70,0,5,0,espn
E0-2324-2024-04-24-crystal-palace-newcastle,E0,2324,2024-04-24,55,0,1,0,espn
E0-2324-2024-04-24-crystal-palace-newcastle,E0,2324,2024-04-24,88,0,2,0,espn
E0-2324-2024-04-24-everton-liverpool,E0,2324,2024-04-24,27,0,1,0,espn
E0-2324-2024-04-24-everton-liverpool,E0,2324,2024-04-24,58,0,2,0,espn
E0-2324-2024-04-24-man-united-sheffield-united,E0,2324,2024-04-24,35,0,0,1,espn
E0-2324-2024-04-24-man-united-sheffield-united,E0,2324,2024-04-24,42,0,1,1,espn
E0-2324-2024-04-24-man-united-sheffield-united,E0,2324,2024-04-24,50,0,1,2,espn
E0-2324-2024-04-24-man-united-sheffield-united,E0,2324,2024-04-24,61,0,2,2,espn
E0-2324-2024-04-24-man-united-sheffield-united,E0,2324,2024-04-24,81,0,3,2,espn
E0-2324-2024-04-24-man-united-sheffield-united,E0,2324,2024-04-24,85,0,4,2,espn
E0-2324-2024-04-25-brighton-man-city,E0,2324,2024-04-25,17,0,0,1,espn
E0-2324-2024-04-25-brighton-man-city,E0,2324,2024-04-25,26,0,0,2,espn
E0-2324-2024-04-25-brighton-man-city,E0,2324,2024-04-25,34,0,0,3,espn
E0-2324-2024-04-25-brighton-man-city,E0,2324,2024-04-25,62,0,0,4,espn
E0-2324-2024-04-27-aston-villa-chelsea,E0,2324,2024-04-27,4,0,1,0,espn
E0-2324-2024-04-27-aston-villa-chelsea,E0,2324,2024-04-27,42,0,2,0,espn
E0-2324-2024-04-27-aston-villa-chelsea,E0,2324,2024-04-27,62,0,2,1,espn
E0-2324-2024-04-27-aston-villa-chelsea,E0,2324,2024-04-27,81,0,2,2,espn
E0-2324-2024-04-27-everton-brentford,E0,2324,2024-04-27,60,0,1,0,espn
E0-2324-2024-04-27-fulham-crystal-palace,E0,2324,2024-04-27,52,0,1,0,espn
E0-2324-2024-04-27-fulham-crystal-palace,E0,2324,2024-04-27,87,0,1,1,espn
E0-2324-2024-04-27-man-united-burnley,E0,2324,2024-04-27,79,0,1,0,espn
E0-2324-2024-04-27-man-united-burnley,E0,2324,2024-04-27,87,0,1,1,espn
E0-2324-2024-04-27-newcastle-sheffield-united,E0,2324,2024-04-27,5,0,0,1,espn
E0-2324-2024-04-27-newcastle-sheffield-united,E0,2324,2024-04-27,26,0,1,1,espn
E0-2324-2024-04-27-newcastle-sheffield-united,E0,2324,2024-04-27,54,0,2,1,espn
E0-2324-2024-04-27-newcastle-sheffield-united,E0,2324,2024-04-27,61,0,3,1,espn
E0-2324-2024-04-27-newcastle-sheffield-united,E0,2324,2024-04-27,65,0,4,1,espn
E0-2324-2024-04-27-newcastle-sheffield-united,E0,2324,2024-04-27,72,0,5,1,espn
E0-2324-2024-04-27-west-ham-liverpool,E0,2324,2024-04-27,43,0,1,0,espn
E0-2324-2024-04-27-west-ham-liverpool,E0,2324,2024-04-27,48,0,1,1,espn
E0-2324-2024-04-27-west-ham-liverpool,E0,2324,2024-04-27,65,0,1,2,espn
E0-2324-2024-04-27-west-ham-liverpool,E0,2324,2024-04-27,77,0,2,2,espn
E0-2324-2024-04-27-wolves-luton,E0,2324,2024-04-27,39,0,1,0,espn
E0-2324-2024-04-27-wolves-luton,E0,2324,2024-04-27,50,0,2,0,espn
E0-2324-2024-04-27-wolves-luton,E0,2324,2024-04-27,80,0,2,1,espn
E0-2324-2024-04-28-bournemouth-brighton,E0,2324,2024-04-28,13,0,1,0,espn
E0-2324-2024-04-28-bournemouth-brighton,E0,2324,2024-04-28,52,0,2,0,espn
E0-2324-2024-04-28-bournemouth-brighton,E0,2324,2024-04-28,87,0,3,0,espn
E0-2324-2024-04-28-nott-m-forest-man-city,E0,2324,2024-04-28,32,0,0,1,espn
E0-2324-2024-04-28-nott-m-forest-man-city,E0,2324,2024-04-28,71,0,0,2,espn
E0-2324-2024-04-28-tottenham-arsenal,E0,2324,2024-04-28,15,0,0,1,espn
E0-2324-2024-04-28-tottenham-arsenal,E0,2324,2024-04-28,27,0,0,2,espn
E0-2324-2024-04-28-tottenham-arsenal,E0,2324,2024-04-28,38,0,0,3,espn
E0-2324-2024-04-28-tottenham-arsenal,E0,2324,2024-04-28,64,0,1,3,espn
E0-2324-2024-04-28-tottenham-arsenal,E0,2324,2024-04-28,87,0,2,3,espn
E0-2324-2024-05-02-chelsea-tottenham,E0,2324,2024-05-02,24,0,1,0,espn
E0-2324-2024-05-02-chelsea-tottenham,E0,2324,2024-05-02,72,0,2,0,espn
E0-2324-2024-05-03-luton-everton,E0,2324,2024-05-03,24,0,0,1,espn
E0-2324-2024-05-03-luton-everton,E0,2324,2024-05-03,31,0,1,1,espn
E0-2324-2024-05-04-arsenal-bournemouth,E0,2324,2024-05-04,45,0,1,0,espn
E0-2324-2024-05-04-arsenal-bournemouth,E0,2324,2024-05-04,70,0,2,0,espn
E0-2324-2024-05-04-arsenal-bournemouth,E0,2324,2024-05-04,90,7,3,0,espn
E0-2324-2024-05-04-burnley-newcastle,E0,2324,2024-05-04,19,0,0,1,espn
E0-2324-2024-05-04-burnley-newcastle,E0,2324,2024-05-04,35,0,0,2,espn
E0-2324-2024-05-04-burnley-newcastle,E0,2324,2024-05-04,40,0,0,3,espn
E0-2324-2024-05-04-burnley-newcastle,E0,2324,2024-05-04,55,0,0,4,espn
E0-2324-2024-05-04-burnley-newcastle,E0,2324,2024-05-04,86,0,1,4,espn
E0-2324-2024-05-04-man-city-wolves,E0,2324,2024-05-04,12,0,1,0,espn
E0-2324-2024-05-04-man-city-wolves,E0,2324,2024-05-04,35,0,2,0,espn
E0-2324-2024-05-04-man-city-wolves,E0,2324,2024-05-04,45,3,3,0,espn
E0-2324-2024-05-04-man-city-wolves,E0,2324,2024-05-04,53,0,3,1,espn
E0-2324-2024-05-04-man-city-wolves,E0,2324,2024-05-04,54,0,4,1,espn
E0-2324-2024-05-04-man-city-wolves,E0,2324,2024-05-04,85,0,5,1,espn
E0-2324-2024-05-05-brighton-aston-villa,E0,2324,2024-05-05,87,0,1,0,espn
E0-2324-2024-05-05-chelsea-west-ham,E0,2324,2024-05-05,15,0,1,0,espn
E0-2324-2024-05-05-chelsea-west-ham,E0,2324,2024-05-05,30,0,2,0,espn
E0-2324-2024-05-05-chelsea-west-ham,E0,2324,2024-05-05,36,0,3,0,espn
E0-2324-2024-05-05-chelsea-west-ham,E0,2324,2024-05-05,48,0,4,0,espn
E0-2324-2024-05-05-chelsea-west-ham,E0,2324,2024-05-05,80,0,5,0,espn
E0-2324-2024-05-05-liverpool-tottenham,E0,2324,2024-05-05,16,0,1,0,espn
E0-2324-2024-05-05-liverpool-tottenham,E0,2324,2024-05-05,45,0,2,0,espn
E0-2324-2024-05-05-liverpool-tottenham,E0,2324,2024-05-05,50,0,3,0,espn
E0-2324-2024-05-05-liverpool-tottenham,E0,2324,2024-05-05,59,0,4,0,espn
E0-2324-2024-05-05-liverpool-tottenham,E0,2324,2024-05-05,72,0,4,1,espn
E0-2324-2024-05-05-liverpool-tottenham,E0,2324,2024-05-05,77,0,4,2,espn
E0-2324-2024-05-06-crystal-palace-man-united,E0,2324,2024-05-06,12,0,1,0,espn
E0-2324-2024-05-06-crystal-palace-man-united,E0,2324,2024-05-06,40,0,2,0,espn
E0-2324-2024-05-06-crystal-palace-man-united,E0,2324,2024-05-06,58,0,3,0,espn
E0-2324-2024-05-06-crystal-palace-man-united,E0,2324,2024-05-06,66,0,4,0,espn
E0-2324-2024-05-11-bournemouth-brentford,E0,2324,2024-05-11,86,0,0,1,espn
E0-2324-2024-05-11-bournemouth-brentford,E0,2324,2024-05-11,89,0,1,1,espn
E0-2324-2024-05-11-bournemouth-brentford,E0,2324,2024-05-11,90,5,1,2,espn
E0-2324-2024-05-11-everton-sheffield-united,E0,2324,2024-05-11,31,0,1,0,espn
E0-2324-2024-05-11-newcastle-brighton,E0,2324,2024-05-11,18,0,0,1,espn
E0-2324-2024-05-11-newcastle-brighton,E0,2324,2024-05-11,45,5,1,1,espn
E0-2324-2024-05-11-nott-m-forest-chelsea,E0,2324,2024-05-11,8,0,0,1,espn
E0-2324-2024-05-11-nott-m-forest-chelsea,E0,2324,2024-05-11,16,0,1,1,espn
E0-2324-2024-05-11-nott-m-forest-chelsea,E0,2324,2024-05-11,74,0,2,1,espn
E0-2324-2024-05-11-nott-m-forest-chelsea,E0,2324,2024-05-11,80,0,2,2,espn
E0-2324-2024-05-11-nott-m-forest-chelsea,E0,2324,2024-05-11,82,0,2,3,espn
E0-2324-2024-05-11-tottenham-burnley,E0,2324,2024-05-11,25,0,0,1,espn
E0-2324-2024-05-11-tottenham-burnley,E0,2324,2024-05-11,32,0,1,1,espn
E0-2324-2024-05-11-tottenham-burnley,E0,2324,2024-05-11,82,0,2,1,espn
E0-2324-2024-05-11-west-ham-luton,E0,2324,2024-05-11,6,0,0,1,espn
E0-2324-2024-05-11-west-ham-luton,E0,2324,2024-05-11,54,0,1,1,espn
E0-2324-2024-05-11-west-ham-luton,E0,2324,2024-05-11,65,0,2,1,espn
E0-2324-2024-05-11-west-ham-luton,E0,2324,2024-05-11,76,0,3,1,espn
E0-2324-2024-05-12-man-united-arsenal,E0,2324,2024-05-12,20,0,0,1,espn
E0-2324-2024-05-13-aston-villa-liverpool,E0,2324,2024-05-13,2,0,0,1,espn
E0-2324-2024-05-13-aston-villa-liverpool,E0,2324,2024-05-13,12,0,1,1,espn
E0-2324-2024-05-13-aston-villa-liverpool,E0,2324,2024-05-13,23,0,1,2,espn
E0-2324-2024-05-13-aston-villa-liverpool,E0,2324,2024-05-13,48,0,1,3,espn
E0-2324-2024-05-13-aston-villa-liverpool,E0,2324,2024-05-13,85,0,2,3,espn
E0-2324-2024-05-13-aston-villa-liverpool,E0,2324,2024-05-13,88,0,3,3,espn
E0-2324-2024-05-14-tottenham-man-city,E0,2324,2024-05-14,51,0,0,1,espn
E0-2324-2024-05-14-tottenham-man-city,E0,2324,2024-05-14,90,1,0,2,espn
E0-2324-2024-05-15-man-united-newcastle,E0,2324,2024-05-15,31,0,1,0,espn
E0-2324-2024-05-15-man-united-newcastle,E0,2324,2024-05-15,49,0,1,1,espn
E0-2324-2024-05-15-man-united-newcastle,E0,2324,2024-05-15,57,0,2,1,espn
E0-2324-2024-05-15-man-united-newcastle,E0,2324,2024-05-15,84,0,3,1,espn
E0-2324-2024-05-15-man-united-newcastle,E0,2324,2024-05-15,90,2,3,2,espn
E0-2324-2024-05-19-arsenal-everton,E0,2324,2024-05-19,40,0,0,1,espn
E0-2324-2024-05-19-arsenal-everton,E0,2324,2024-05-19,43,0,1,1,espn
E0-2324-2024-05-19-arsenal-everton,E0,2324,2024-05-19,89,0,2,1,espn
E0-2324-2024-05-19-brentford-newcastle,E0,2324,2024-05-19,21,0,0,1,espn
E0-2324-2024-05-19-brentford-newcastle,E0,2324,2024-05-19,36,0,0,2,espn
E0-2324-2024-05-19-brentford-newcastle,E0,2324,2024-05-19,38,0,0,3,espn
E0-2324-2024-05-19-brentford-newcastle,E0,2324,2024-05-19,48,0,1,3,espn
E0-2324-2024-05-19-brentford-newcastle,E0,2324,2024-05-19,70,0,2,3,espn
E0-2324-2024-05-19-brentford-newcastle,E0,2324,2024-05-19,77,0,2,4,espn
E0-2324-2024-05-19-brighton-man-united,E0,2324,2024-05-19,73,0,0,1,espn
E0-2324-2024-05-19-brighton-man-united,E0,2324,2024-05-19,88,0,0,2,espn
E0-2324-2024-05-19-burnley-nott-m-forest,E0,2324,2024-05-19,2,0,0,1,espn
E0-2324-2024-05-19-burnley-nott-m-forest,E0,2324,2024-05-19,14,0,0,2,espn
E0-2324-2024-05-19-burnley-nott-m-forest,E0,2324,2024-05-19,72,0,1,2,espn
E0-2324-2024-05-19-chelsea-bournemouth,E0,2324,2024-05-19,17,0,1,0,espn
E0-2324-2024-05-19-chelsea-bournemouth,E0,2324,2024-05-19,48,0,2,0,espn
E0-2324-2024-05-19-chelsea-bournemouth,E0,2324,2024-05-19,49,0,2,1,espn
E0-2324-2024-05-19-crystal-palace-aston-villa,E0,2324,2024-05-19,9,0,1,0,espn
E0-2324-2024-05-19-crystal-palace-aston-villa,E0,2324,2024-05-19,39,0,2,0,espn
E0-2324-2024-05-19-crystal-palace-aston-villa,E0,2324,2024-05-19,54,0,3,0,espn
E0-2324-2024-05-19-crystal-palace-aston-villa,E0,2324,2024-05-19,63,0,4,0,espn
E0-2324-2024-05-19-crystal-palace-aston-villa,E0,2324,2024-05-19,69,0,5,0,espn
E0-2324-2024-05-19-luton-fulham,E0,2324,2024-05-19,43,0,0,1,espn
E0-2324-2024-05-19-luton-fulham,E0,2324,2024-05-19,45,1,1,1,espn
E0-2324-2024-05-19-luton-fulham,E0,2324,2024-05-19,45,3,1,2,espn
E0-2324-2024-05-19-luton-fulham,E0,2324,2024-05-19,49,0,1,3,espn
E0-2324-2024-05-19-luton-fulham,E0,2324,2024-05-19,55,0,2,3,espn
E0-2324-2024-05-19-luton-fulham,E0,2324,2024-05-19,69,0,2,4,espn
E0-2324-2024-05-19-man-city-west-ham,E0,2324,2024-05-19,2,0,1,0,espn
E0-2324-2024-05-19-man-city-west-ham,E0,2324,2024-05-19,18,0,2,0,espn
E0-2324-2024-05-19-man-city-west-ham,E0,2324,2024-05-19,42,0,2,1,espn
E0-2324-2024-05-19-man-city-west-ham,E0,2324,2024-05-19,59,0,3,1,espn
E0-2324-2024-05-19-sheffield-united-tottenham,E0,2324,2024-05-19,14,0,0,1,espn
E0-2324-2024-05-19-sheffield-united-tottenham,E0,2324,2024-05-19,59,0,0,2,espn
E0-2324-2024-05-19-sheffield-united-tottenham,E0,2324,2024-05-19,65,0,0,3,espn
